[2026-03-10 07:12:10] App\Models\EmployeeAccount UPDATED by [System]: {
    "id": 161,
    "employee_no": "OCS-063",
    "applicant_id": null,
    "email_id": "anthony.caballes@hris.com",
    "email": null,
    "password": "$2y$12$cvVDKg7wncKGCgZwVIIIau8fFimITrotL7Jyowmu05Ba46cQFzVdS",
    "isLoggedIn": 0,
    "token": null,
    "isNew": "0",
    "isToUpdatePassword": 0,
    "last_password_updated": "2026-01-03 10:47:39",
    "isLocked": 0,
    "locked_at": null,
    "login_attempts": 1,
    "created_at": null,
    "updated_at": null
}
[2026-03-10 09:22:49] App\Models\EmployeeAccount UPDATED by [System]: {
    "id": 307,
    "employee_no": "OCS-212",
    "applicant_id": null,
    "email_id": "carl.jerrick.sol@hris.com",
    "email": null,
    "password": "$2y$12$hyjFIBMHEeFI9.H1Sjxlb.jUf.BkDPLA48aHdNcfu2VwI6cvsfhgm",
    "isLoggedIn": 0,
    "token": null,
    "isNew": "0",
    "isToUpdatePassword": 0,
    "last_password_updated": "2026-01-04 11:16:33",
    "isLocked": 0,
    "locked_at": null,
    "login_attempts": 1,
    "created_at": null,
    "updated_at": null
}
[2026-03-10 09:27:38] App\Models\EmployeeAccount UPDATED by [System]: {
    "id": 307,
    "employee_no": "OCS-212",
    "applicant_id": null,
    "email_id": "carl.jerrick.sol@hris.com",
    "email": null,
    "password": "$2y$12$hyjFIBMHEeFI9.H1Sjxlb.jUf.BkDPLA48aHdNcfu2VwI6cvsfhgm",
    "isLoggedIn": 0,
    "token": null,
    "isNew": "0",
    "isToUpdatePassword": 0,
    "last_password_updated": "2026-01-04 11:16:33",
    "isLocked": 0,
    "locked_at": null,
    "login_attempts": 2,
    "created_at": null,
    "updated_at": null
}
[2026-03-10 09:27:46] App\Models\EmployeeAccount UPDATED by [System]: {
    "id": 307,
    "employee_no": "OCS-212",
    "applicant_id": null,
    "email_id": "carl.jerrick.sol@hris.com",
    "email": null,
    "password": "$2y$12$hyjFIBMHEeFI9.H1Sjxlb.jUf.BkDPLA48aHdNcfu2VwI6cvsfhgm",
    "isLoggedIn": 0,
    "token": null,
    "isNew": "0",
    "isToUpdatePassword": 0,
    "last_password_updated": "2026-01-04 11:16:33",
    "isLocked": 0,
    "locked_at": null,
    "login_attempts": 3,
    "created_at": null,
    "updated_at": null
}
[2026-03-10 09:28:00] App\Models\EmployeeAccount UPDATED by [System]: {
    "id": 307,
    "employee_no": "OCS-212",
    "applicant_id": null,
    "email_id": "carl.jerrick.sol@hris.com",
    "email": null,
    "password": "$2y$12$hyjFIBMHEeFI9.H1Sjxlb.jUf.BkDPLA48aHdNcfu2VwI6cvsfhgm",
    "isLoggedIn": 0,
    "token": null,
    "isNew": "0",
    "isToUpdatePassword": 0,
    "last_password_updated": "2026-01-04 11:16:33",
    "isLocked": 0,
    "locked_at": null,
    "login_attempts": 4,
    "created_at": null,
    "updated_at": null
}
[2026-03-10 09:58:22] App\Models\SalaryPayroll DELETED by [10 - Maria Cristina Mauricio]: {
    "id": 222,
    "batch_id": "a13b9e31-ab6f-42e0-a11f-42897dce1ee4",
    "payroll_date": "2026-01-31",
    "cut_off_period": "2026-01-16 to 2026-01-31",
    "employment_type": 1,
    "hasDeductions": 1,
    "status": "pending",
    "created_at": "2026-03-06 13:18:11",
    "updated_at": "2026-03-06 13:18:12"
}
[2026-03-10 09:58:28] App\Models\SalaryPayroll DELETED by [10 - Maria Cristina Mauricio]: {
    "id": 217,
    "batch_id": "a12d9c56-c2e1-41bd-b8e5-129d7d3f169f",
    "payroll_date": "2026-02-28",
    "cut_off_period": "2026-02-16 to 2026-02-28",
    "employment_type": 1,
    "hasDeductions": 1,
    "status": "approved",
    "created_at": "2026-02-27 14:11:23",
    "updated_at": "2026-02-27 14:11:53"
}
[2026-03-10 09:58:31] App\Models\SalaryPayroll DELETED by [10 - Maria Cristina Mauricio]: {
    "id": 216,
    "batch_id": "a12d9bdb-0ca0-42f1-bc24-9a275f07f4a9",
    "payroll_date": "2026-02-15",
    "cut_off_period": "2026-02-01 to 2026-02-15",
    "employment_type": 1,
    "hasDeductions": 1,
    "status": "approved",
    "created_at": "2026-02-27 14:10:02",
    "updated_at": "2026-02-27 14:10:32"
}
[2026-03-10 09:58:58] App\Models\SalaryPayroll DELETED by [10 - Maria Cristina Mauricio]: {
    "id": 215,
    "batch_id": "a1200be0-5cc2-4c52-a0eb-4c6b95a64282",
    "payroll_date": "2026-01-15",
    "cut_off_period": "2026-01-01 to 2026-01-15",
    "employment_type": 1,
    "hasDeductions": 1,
    "status": "approved",
    "created_at": "2026-02-20 20:21:42",
    "updated_at": "2026-02-24 09:51:14"
}
[2026-03-10 09:59:35] App\Models\SalaryPayroll CREATED by [10 - Maria Cristina Mauricio]: {
    "payroll_date": "2026-03-15",
    "cut_off_period": "2026-03-01 to 2026-03-15",
    "employment_type": 1,
    "hasDeductions": true,
    "status": "pending",
    "updated_at": "2026-03-10 09:59:35",
    "created_at": "2026-03-10 09:59:35",
    "id": 223
}
[2026-03-10 09:59:35] App\Models\SalaryPayroll UPDATED by [10 - Maria Cristina Mauricio]: {
    "id": 223,
    "batch_id": "a143631a-630d-47c3-b1a1-87ddf354322f",
    "payroll_date": "2026-03-15",
    "cut_off_period": "2026-03-01 to 2026-03-15",
    "employment_type": 1,
    "hasDeductions": 1,
    "status": "pending",
    "created_at": "2026-03-10 09:59:35",
    "updated_at": "2026-03-10 09:59:35"
}
[2026-03-10 10:05:18] App\Models\SalaryPayroll DELETED by [10 - Maria Cristina Mauricio]: {
    "id": 223,
    "batch_id": "a143631a-630d-47c3-b1a1-87ddf354322f",
    "payroll_date": "2026-03-15",
    "cut_off_period": "2026-03-01 to 2026-03-15",
    "employment_type": 1,
    "hasDeductions": 1,
    "status": "pending",
    "created_at": "2026-03-10 09:59:35",
    "updated_at": "2026-03-10 09:59:35"
}
[2026-03-10 10:10:33] App\Models\EmployeeInformation UPDATED by [10 - Maria Cristina Mauricio]: {
    "id": 220,
    "employee_no": "OP-21-027",
    "bsd_no": "318",
    "section_id": "33",
    "position_id": "5",
    "job_completion": null,
    "company_name": null,
    "date_hired": null,
    "shift_id": 1,
    "schedule_id": 1,
    "employment_type_id": 1,
    "status": "active",
    "salary_method": "land bank atm",
    "salary": "167129",
    "step_id": 1,
    "w_tax": 0,
    "salary_type": "monthly",
    "payroll_account_number": null,
    "bank_account_no": null,
    "hasDBP": 0,
    "hasUK": 0,
    "hasPagibigLoan": 0,
    "isDeleted": 0,
    "isTransferingEmp": 0,
    "date_resignation": null,
    "created_at": "2025-08-05 15:38:17",
    "updated_at": "2026-03-10 10:10:33"
}
[2026-03-10 10:15:55] App\Models\EmployeeInformation UPDATED by [10 - Maria Cristina Mauricio]: {
    "id": 208,
    "employee_no": "OCS-025",
    "bsd_no": "306",
    "section_id": 33,
    "position_id": 10,
    "job_completion": null,
    "company_name": null,
    "date_hired": null,
    "shift_id": 1,
    "schedule_id": 1,
    "employment_type_id": 1,
    "status": "active",
    "salary_method": "land bank atm",
    "salary": "102603",
    "step_id": 1,
    "w_tax": 0,
    "salary_type": "monthly",
    "payroll_account_number": null,
    "bank_account_no": null,
    "hasDBP": 0,
    "hasUK": 0,
    "hasPagibigLoan": 0,
    "isDeleted": 0,
    "isTransferingEmp": 0,
    "date_resignation": null,
    "created_at": "2025-08-05 15:38:15",
    "updated_at": "2026-03-10 10:15:55"
}
[2026-03-10 10:16:44] App\Models\EmployeeInformation UPDATED by [10 - Maria Cristina Mauricio]: {
    "id": 208,
    "employee_no": "OCS-025",
    "bsd_no": "306",
    "section_id": 33,
    "position_id": 10,
    "job_completion": null,
    "company_name": null,
    "date_hired": null,
    "shift_id": 1,
    "schedule_id": 1,
    "employment_type_id": 1,
    "status": "active",
    "salary_method": "land bank atm",
    "salary": "102603",
    "step_id": 1,
    "w_tax": 0,
    "salary_type": "monthly",
    "payroll_account_number": null,
    "bank_account_no": null,
    "hasDBP": 0,
    "hasUK": 0,
    "hasPagibigLoan": 0,
    "isDeleted": 0,
    "isTransferingEmp": 0,
    "date_resignation": null,
    "created_at": "2025-08-05 15:38:15",
    "updated_at": "2026-03-10 10:16:44"
}
[2026-03-10 10:18:03] App\Models\EmployeeInformation UPDATED by [10 - Maria Cristina Mauricio]: {
    "id": 268,
    "employee_no": "OCS-361",
    "bsd_no": "369",
    "section_id": 33,
    "position_id": 13,
    "job_completion": null,
    "company_name": null,
    "date_hired": null,
    "shift_id": 1,
    "schedule_id": 1,
    "employment_type_id": 1,
    "status": "active",
    "salary_method": "land bank atm",
    "salary": "81796",
    "step_id": 1,
    "w_tax": "11738.07",
    "salary_type": "monthly",
    "payroll_account_number": null,
    "bank_account_no": null,
    "hasDBP": 0,
    "hasUK": 0,
    "hasPagibigLoan": 0,
    "isDeleted": 0,
    "isTransferingEmp": 0,
    "date_resignation": null,
    "created_at": "2025-08-05 15:38:24",
    "updated_at": "2026-03-10 10:18:03"
}
[2026-03-10 10:19:19] App\Models\EmployeeInformation UPDATED by [10 - Maria Cristina Mauricio]: {
    "id": 386,
    "employee_no": "OCS-213",
    "bsd_no": "487",
    "section_id": "33",
    "position_id": 19,
    "job_completion": null,
    "company_name": null,
    "date_hired": null,
    "shift_id": 1,
    "schedule_id": 1,
    "employment_type_id": 1,
    "status": "active",
    "salary_method": "land bank atm",
    "salary": "53818",
    "step_id": 1,
    "w_tax": 0,
    "salary_type": "monthly",
    "payroll_account_number": null,
    "bank_account_no": null,
    "hasDBP": 0,
    "hasUK": 0,
    "hasPagibigLoan": 0,
    "isDeleted": 0,
    "isTransferingEmp": 0,
    "date_resignation": null,
    "created_at": "2025-08-05 15:38:39",
    "updated_at": "2026-03-10 10:19:19"
}
[2026-03-10 10:20:46] App\Models\EmployeeInformation UPDATED by [10 - Maria Cristina Mauricio]: {
    "id": 501,
    "employee_no": "OP-21-099",
    "bsd_no": "602",
    "section_id": "33",
    "position_id": 24,
    "job_completion": null,
    "company_name": null,
    "date_hired": null,
    "shift_id": 1,
    "schedule_id": 1,
    "employment_type_id": 1,
    "status": "active",
    "salary_method": "land bank atm",
    "salary": "42178",
    "step_id": 1,
    "w_tax": 0,
    "salary_type": "monthly",
    "payroll_account_number": null,
    "bank_account_no": null,
    "hasDBP": 0,
    "hasUK": 0,
    "hasPagibigLoan": 0,
    "isDeleted": 0,
    "isTransferingEmp": 0,
    "date_resignation": null,
    "created_at": "2025-08-05 15:38:55",
    "updated_at": "2026-03-10 10:20:46"
}
[2026-03-10 10:27:03] App\Models\EmployeeInformation UPDATED by [10 - Maria Cristina Mauricio]: {
    "id": 145,
    "employee_no": "OCS-105",
    "bsd_no": "243",
    "section_id": 33,
    "position_id": "28",
    "job_completion": null,
    "company_name": null,
    "date_hired": null,
    "shift_id": 1,
    "schedule_id": 1,
    "employment_type_id": 1,
    "status": "active",
    "salary_method": "land bank atm",
    "salary": "33947",
    "step_id": 1,
    "w_tax": "2200.00",
    "salary_type": "monthly",
    "payroll_account_number": null,
    "bank_account_no": null,
    "hasDBP": 0,
    "hasUK": 0,
    "hasPagibigLoan": 0,
    "isDeleted": 0,
    "isTransferingEmp": 0,
    "date_resignation": null,
    "created_at": "2025-08-05 15:38:07",
    "updated_at": "2026-03-10 10:27:03"
}
[2026-03-10 10:27:51] App\Models\EmployeeInformation UPDATED by [10 - Maria Cristina Mauricio]: {
    "id": 1,
    "employee_no": "EMP-TEST-01",
    "bsd_no": "10111111111111",
    "section_id": 1,
    "position_id": 1,
    "job_completion": null,
    "company_name": null,
    "date_hired": "2025-01-05",
    "shift_id": 1,
    "schedule_id": 1,
    "employment_type_id": 1,
    "status": "inactive",
    "salary_method": "land bank atm",
    "salary": 300961,
    "step_id": 1,
    "w_tax": "78050.41",
    "salary_type": "monthly",
    "payroll_account_number": null,
    "bank_account_no": null,
    "hasDBP": 0,
    "hasUK": 0,
    "hasPagibigLoan": 0,
    "isDeleted": true,
    "isTransferingEmp": 0,
    "date_resignation": null,
    "created_at": "2025-08-05 15:36:40",
    "updated_at": "2026-03-10 10:27:51"
}
[2026-03-10 10:28:39] App\Models\SalaryPayroll CREATED by [10 - Maria Cristina Mauricio]: {
    "payroll_date": "2026-03-15",
    "cut_off_period": "2026-03-01 to 2026-03-15",
    "employment_type": 1,
    "hasDeductions": true,
    "status": "pending",
    "updated_at": "2026-03-10 10:28:39",
    "created_at": "2026-03-10 10:28:39",
    "id": 224
}
[2026-03-10 10:28:40] App\Models\SalaryPayroll UPDATED by [10 - Maria Cristina Mauricio]: {
    "id": 224,
    "batch_id": "a1436d80-9000-47e0-acc8-8c41573a4671",
    "payroll_date": "2026-03-15",
    "cut_off_period": "2026-03-01 to 2026-03-15",
    "employment_type": 1,
    "hasDeductions": 1,
    "status": "pending",
    "created_at": "2026-03-10 10:28:39",
    "updated_at": "2026-03-10 10:28:40"
}
[2026-03-10 12:41:01] App\Models\EmployeeAccount UPDATED by [System]: {
    "id": 1,
    "employee_no": "EMP-TEST-01",
    "applicant_id": null,
    "email_id": "employee.test01@hris.com",
    "email": "TORNOHAZELANN@GMAIL.COM",
    "password": "$2y$12$DVaPllOPkYVSLhmvsJq4UeQzzaEuFdD0JD8ru8hSCNYE4IN3kB2Ni",
    "isLoggedIn": 0,
    "token": null,
    "isNew": "0",
    "isToUpdatePassword": 0,
    "last_password_updated": "2025-08-06 13:47:24",
    "isLocked": false,
    "locked_at": null,
    "login_attempts": 0,
    "created_at": null,
    "updated_at": null
}
[2026-03-10 12:41:39] App\Models\EmployeeAccount UPDATED by [1 - Opapru Superadmin]: {
    "id": 1,
    "employee_no": "EMP-TEST-01",
    "applicant_id": null,
    "email_id": "employee.test01@hris.com",
    "email": "TORNOHAZELANN@GMAIL.COM",
    "password": "$2y$12$DVaPllOPkYVSLhmvsJq4UeQzzaEuFdD0JD8ru8hSCNYE4IN3kB2Ni",
    "isLoggedIn": 0,
    "token": null,
    "isNew": "0",
    "isToUpdatePassword": 0,
    "last_password_updated": "2025-08-06 13:47:24",
    "isLocked": 0,
    "locked_at": null,
    "login_attempts": 1,
    "created_at": null,
    "updated_at": null
}
[2026-03-10 12:41:49] App\Models\EmployeeAccount UPDATED by [1 - Opapru Superadmin]: {
    "id": 1,
    "employee_no": "EMP-TEST-01",
    "applicant_id": null,
    "email_id": "employee.test01@hris.com",
    "email": "TORNOHAZELANN@GMAIL.COM",
    "password": "$2y$12$DVaPllOPkYVSLhmvsJq4UeQzzaEuFdD0JD8ru8hSCNYE4IN3kB2Ni",
    "isLoggedIn": 0,
    "token": null,
    "isNew": "0",
    "isToUpdatePassword": 0,
    "last_password_updated": "2025-08-06 13:47:24",
    "isLocked": false,
    "locked_at": null,
    "login_attempts": 0,
    "created_at": null,
    "updated_at": null
}
[2026-03-10 12:41:59] App\Models\EmployeeAccount UPDATED by [1 - Opapru Superadmin]: {
    "id": 1,
    "employee_no": "EMP-TEST-01",
    "applicant_id": null,
    "email_id": "employee.test01@hris.com",
    "email": "TORNOHAZELANN@GMAIL.COM",
    "password": "$2y$12$DVaPllOPkYVSLhmvsJq4UeQzzaEuFdD0JD8ru8hSCNYE4IN3kB2Ni",
    "isLoggedIn": 0,
    "token": null,
    "isNew": "0",
    "isToUpdatePassword": 0,
    "last_password_updated": "2025-08-06 13:47:24",
    "isLocked": 0,
    "locked_at": null,
    "login_attempts": 1,
    "created_at": null,
    "updated_at": null
}
[2026-03-10 12:42:18] App\Models\EmployeeAccount UPDATED by [1 - Opapru Superadmin]: {
    "id": 1,
    "employee_no": "EMP-TEST-01",
    "applicant_id": null,
    "email_id": "employee.test01@hris.com",
    "email": "TORNOHAZELANN@GMAIL.COM",
    "password": "$2y$12$DVaPllOPkYVSLhmvsJq4UeQzzaEuFdD0JD8ru8hSCNYE4IN3kB2Ni",
    "isLoggedIn": 0,
    "token": null,
    "isNew": "0",
    "isToUpdatePassword": 0,
    "last_password_updated": "2025-08-06 13:47:24",
    "isLocked": false,
    "locked_at": null,
    "login_attempts": 0,
    "created_at": null,
    "updated_at": null
}
[2026-03-10 12:47:53] App\Models\EmployeeInformation UPDATED by [1 - Opapru Superadmin]: {
    "id": 1,
    "employee_no": "EMP-TEST-01",
    "bsd_no": "10111111111111",
    "section_id": 1,
    "position_id": 1,
    "job_completion": null,
    "company_name": null,
    "date_hired": "2025-01-05",
    "shift_id": 1,
    "schedule_id": 1,
    "employment_type_id": 1,
    "status": "active",
    "salary_method": "land bank atm",
    "salary": 300961,
    "step_id": 1,
    "w_tax": "78050.41",
    "salary_type": "monthly",
    "payroll_account_number": null,
    "bank_account_no": null,
    "hasDBP": 0,
    "hasUK": 0,
    "hasPagibigLoan": 0,
    "isDeleted": false,
    "isTransferingEmp": 0,
    "date_resignation": null,
    "created_at": "2025-08-05 15:36:40",
    "updated_at": "2026-03-10 12:47:53"
}
[2026-03-10 12:48:03] App\Models\EmployeeAccount UPDATED by [1 - Opapru Superadmin]: {
    "id": 1,
    "employee_no": "EMP-TEST-01",
    "applicant_id": null,
    "email_id": "employee.test01@hris.com",
    "email": "TORNOHAZELANN@GMAIL.COM",
    "password": "$2y$12$DVaPllOPkYVSLhmvsJq4UeQzzaEuFdD0JD8ru8hSCNYE4IN3kB2Ni",
    "isLoggedIn": 0,
    "token": null,
    "isNew": "0",
    "isToUpdatePassword": 0,
    "last_password_updated": "2025-08-06 13:47:24",
    "isLocked": false,
    "locked_at": null,
    "login_attempts": 0,
    "created_at": null,
    "updated_at": null
}
[2026-03-10 12:49:44] App\Models\EmployeeTimeAdjustments CREATED by [1 - Opapru Superadmin]: {
    "employee_no": "EMP-TEST-01",
    "date": "2026-03-03",
    "clock_in": "08:00 AM",
    "break_out": "12:00 PM",
    "break_in": "01:00 PM",
    "clock_out": "05:00 PM",
    "reason": "TEST",
    "updated_at": "2026-03-10 12:49:44",
    "created_at": "2026-03-10 12:49:44",
    "id": 14
}
[2026-03-10 12:49:44] App\Models\EmployeeTimeAdjustmentsAttachments CREATED by [1 - Opapru Superadmin]: {
    "employee_requests_id": 14,
    "attachment": "time-adjustments\/1773118184_screenshot_2026-03-09_at_3.20.07_pm.png",
    "id": 14
}
[2026-03-10 12:50:16] App\Models\EmployeeTimeAdjustments UPDATED by [1 - Opapru Superadmin]: {
    "id": 14,
    "employee_no": "EMP-TEST-01",
    "date": "2026-03-03",
    "clock_in": "08:00 AM",
    "break_out": "12:00 PM",
    "break_in": "01:00 PM",
    "clock_out": "05:00 PM",
    "reason": "TEST",
    "status": "approved",
    "action_by_id": 1,
    "isDeleted": 0,
    "created_at": "2026-03-10 12:49:44",
    "updated_at": "2026-03-10 12:50:16"
}
[2026-03-10 13:02:23] App\Models\EmployeeAccount UPDATED by [System]: {
    "id": 932,
    "employee_no": "OCS-717",
    "applicant_id": null,
    "email_id": "carlo.david.1@hris.com",
    "email": null,
    "password": "$2y$12$FrNDAmnkjF.PPXDcTk5zUOih7EEetQGo7.qSDbQriefxiBohsWKlG",
    "isLoggedIn": 0,
    "token": null,
    "isNew": "0",
    "isToUpdatePassword": 0,
    "last_password_updated": "2026-01-05 06:03:21",
    "isLocked": false,
    "locked_at": null,
    "login_attempts": 0,
    "created_at": null,
    "updated_at": null
}
[2026-03-10 13:04:09] App\Models\EmployeeAccount UPDATED by [System]: {
    "id": 932,
    "employee_no": "OCS-717",
    "applicant_id": null,
    "email_id": "carlo.david.1@hris.com",
    "email": null,
    "password": "$2y$12$FrNDAmnkjF.PPXDcTk5zUOih7EEetQGo7.qSDbQriefxiBohsWKlG",
    "isLoggedIn": 0,
    "token": null,
    "isNew": "0",
    "isToUpdatePassword": 0,
    "last_password_updated": "2026-01-05 06:03:21",
    "isLocked": false,
    "locked_at": null,
    "login_attempts": 0,
    "created_at": null,
    "updated_at": null
}
[2026-03-10 13:17:58] App\Models\EmployeeAccount UPDATED by [System]: {
    "id": 930,
    "employee_no": "OCS-734",
    "applicant_id": null,
    "email_id": "gerald.ty.1@hris.com",
    "email": null,
    "password": "$2y$12$EbFFHH7QBJ86MoJfQjBfmuj4nVjtTZUicdtivEuv6qznUC79qe7Ny",
    "isLoggedIn": 0,
    "token": null,
    "isNew": "0",
    "isToUpdatePassword": 0,
    "last_password_updated": "2026-01-12 00:58:17",
    "isLocked": false,
    "locked_at": null,
    "login_attempts": 0,
    "created_at": null,
    "updated_at": null
}
[2026-03-10 13:21:36] App\Models\EmployeeAccount UPDATED by [System]: {
    "id": 931,
    "employee_no": "OCS-737",
    "applicant_id": null,
    "email_id": "jc.pablico.1@hris.com",
    "email": null,
    "password": "$2y$12$gfIJ0RtG0Pv5kI4hPZqVPOSkm.TrsvVsnw.o4WngQBLjuHkW4n\/gm",
    "isLoggedIn": 0,
    "token": null,
    "isNew": "0",
    "isToUpdatePassword": 0,
    "last_password_updated": "2026-01-05 09:46:56",
    "isLocked": 0,
    "locked_at": null,
    "login_attempts": 1,
    "created_at": null,
    "updated_at": null
}
[2026-03-10 13:22:34] App\Models\EmployeeAccount UPDATED by [System]: {
    "id": 930,
    "employee_no": "OCS-734",
    "applicant_id": null,
    "email_id": "gerald.ty.1@hris.com",
    "email": null,
    "password": "$2y$12$EbFFHH7QBJ86MoJfQjBfmuj4nVjtTZUicdtivEuv6qznUC79qe7Ny",
    "isLoggedIn": 0,
    "token": null,
    "isNew": "0",
    "isToUpdatePassword": 0,
    "last_password_updated": "2026-01-12 00:58:17",
    "isLocked": false,
    "locked_at": null,
    "login_attempts": 0,
    "created_at": null,
    "updated_at": null
}
[2026-03-10 13:23:05] App\Models\EmployeeAccount UPDATED by [System]: {
    "id": 931,
    "employee_no": "OCS-737",
    "applicant_id": null,
    "email_id": "jc.pablico.1@hris.com",
    "email": null,
    "password": "$2y$12$gfIJ0RtG0Pv5kI4hPZqVPOSkm.TrsvVsnw.o4WngQBLjuHkW4n\/gm",
    "isLoggedIn": 0,
    "token": null,
    "isNew": "0",
    "isToUpdatePassword": 0,
    "last_password_updated": "2026-01-05 09:46:56",
    "isLocked": 0,
    "locked_at": null,
    "login_attempts": 2,
    "created_at": null,
    "updated_at": null
}
[2026-03-10 13:23:24] App\Models\EmployeeAccount UPDATED by [System]: {
    "id": 931,
    "employee_no": "OCS-737",
    "applicant_id": null,
    "email_id": "jc.pablico.1@hris.com",
    "email": null,
    "password": "$2y$12$gfIJ0RtG0Pv5kI4hPZqVPOSkm.TrsvVsnw.o4WngQBLjuHkW4n\/gm",
    "isLoggedIn": 0,
    "token": null,
    "isNew": "0",
    "isToUpdatePassword": 0,
    "last_password_updated": "2026-01-05 09:46:56",
    "isLocked": 0,
    "locked_at": null,
    "login_attempts": 3,
    "created_at": null,
    "updated_at": null
}
[2026-03-10 13:23:40] App\Models\EmployeeAccount UPDATED by [System]: {
    "id": 931,
    "employee_no": "OCS-737",
    "applicant_id": null,
    "email_id": "jc.pablico.1@hris.com",
    "email": null,
    "password": "$2y$12$gfIJ0RtG0Pv5kI4hPZqVPOSkm.TrsvVsnw.o4WngQBLjuHkW4n\/gm",
    "isLoggedIn": 0,
    "token": null,
    "isNew": "0",
    "isToUpdatePassword": 0,
    "last_password_updated": "2026-01-05 09:46:56",
    "isLocked": 0,
    "locked_at": null,
    "login_attempts": 4,
    "created_at": null,
    "updated_at": null
}
[2026-03-10 13:23:41] App\Models\EmployeeAccount UPDATED by [System]: {
    "id": 930,
    "employee_no": "OCS-734",
    "applicant_id": null,
    "email_id": "gerald.ty.1@hris.com",
    "email": null,
    "password": "$2y$12$EbFFHH7QBJ86MoJfQjBfmuj4nVjtTZUicdtivEuv6qznUC79qe7Ny",
    "isLoggedIn": 0,
    "token": null,
    "isNew": "0",
    "isToUpdatePassword": 0,
    "last_password_updated": "2026-01-12 00:58:17",
    "isLocked": 0,
    "locked_at": null,
    "login_attempts": 1,
    "created_at": null,
    "updated_at": null
}
[2026-03-10 13:24:00] App\Models\EmployeeAccount UPDATED by [System]: {
    "id": 930,
    "employee_no": "OCS-734",
    "applicant_id": null,
    "email_id": "gerald.ty.1@hris.com",
    "email": null,
    "password": "$2y$12$EbFFHH7QBJ86MoJfQjBfmuj4nVjtTZUicdtivEuv6qznUC79qe7Ny",
    "isLoggedIn": 0,
    "token": null,
    "isNew": "0",
    "isToUpdatePassword": 0,
    "last_password_updated": "2026-01-12 00:58:17",
    "isLocked": false,
    "locked_at": null,
    "login_attempts": 0,
    "created_at": null,
    "updated_at": null
}
[2026-03-10 13:30:11] App\Models\EmployeeAccount UPDATED by [System]: {
    "id": 931,
    "employee_no": "OCS-737",
    "applicant_id": null,
    "email_id": "jc.pablico.1@hris.com",
    "email": null,
    "password": "$2y$12$gfIJ0RtG0Pv5kI4hPZqVPOSkm.TrsvVsnw.o4WngQBLjuHkW4n\/gm",
    "isLoggedIn": 0,
    "token": null,
    "isNew": "0",
    "isToUpdatePassword": 0,
    "last_password_updated": "2026-01-05 09:46:56",
    "isLocked": 0,
    "locked_at": null,
    "login_attempts": 5,
    "created_at": null,
    "updated_at": null
}
[2026-03-10 13:30:11] App\Models\EmployeeAccount UPDATED by [System]: {
    "id": 931,
    "employee_no": "OCS-737",
    "applicant_id": null,
    "email_id": "jc.pablico.1@hris.com",
    "email": null,
    "password": "$2y$12$gfIJ0RtG0Pv5kI4hPZqVPOSkm.TrsvVsnw.o4WngQBLjuHkW4n\/gm",
    "isLoggedIn": 0,
    "token": null,
    "isNew": "0",
    "isToUpdatePassword": 0,
    "last_password_updated": "2026-01-05 09:46:56",
    "isLocked": true,
    "locked_at": "2026-03-10T05:30:11.747303Z",
    "login_attempts": 5,
    "created_at": null,
    "updated_at": null
}
[2026-03-10 13:38:02] App\Models\SalaryPayroll UPDATED by [1 - Opapru Superadmin]: {
    "id": 224,
    "batch_id": "a143b139-796e-4f4d-af77-cc0e6a7b6947",
    "payroll_date": "2026-03-15",
    "cut_off_period": "2026-03-01 to 2026-03-15",
    "employment_type": 1,
    "hasDeductions": 1,
    "status": "pending",
    "created_at": "2026-03-10 10:28:39",
    "updated_at": "2026-03-10 13:38:02"
}
[2026-03-10 13:38:02] App\Models\SalaryPayroll UPDATED by [1 - Opapru Superadmin]: {
    "id": 224,
    "batch_id": "a143b139-fa05-4c73-8fc2-b1ba2be5a41c",
    "payroll_date": "2026-03-15",
    "cut_off_period": "2026-03-01 to 2026-03-15",
    "employment_type": 1,
    "hasDeductions": 1,
    "status": "pending",
    "created_at": "2026-03-10 10:28:39",
    "updated_at": "2026-03-10 13:38:02"
}
[2026-03-10 13:41:21] App\Models\SalaryPayroll CREATED by [1 - Opapru Superadmin]: {
    "payroll_date": "2026-03-15",
    "cut_off_period": "2026-03-01 to 2026-03-15",
    "employment_type": 2,
    "hasDeductions": true,
    "status": "pending",
    "updated_at": "2026-03-10 13:41:21",
    "created_at": "2026-03-10 13:41:21",
    "id": 225
}
[2026-03-10 13:41:21] App\Models\SalaryPayroll UPDATED by [1 - Opapru Superadmin]: {
    "id": 225,
    "batch_id": "a143b269-e9ff-4b7f-9c77-9f8c39660713",
    "payroll_date": "2026-03-15",
    "cut_off_period": "2026-03-01 to 2026-03-15",
    "employment_type": 2,
    "hasDeductions": 1,
    "status": "pending",
    "created_at": "2026-03-10 13:41:21",
    "updated_at": "2026-03-10 13:41:21"
}
[2026-03-10 13:45:24] App\Models\SalaryPayroll UPDATED by [1 - Opapru Superadmin]: {
    "id": 225,
    "batch_id": "a143b3dc-417d-4ec7-a280-672c22a39d22",
    "payroll_date": "2026-03-15",
    "cut_off_period": "2026-03-01 to 2026-03-15",
    "employment_type": 2,
    "hasDeductions": 1,
    "status": "pending",
    "created_at": "2026-03-10 13:41:21",
    "updated_at": "2026-03-10 13:45:24"
}
[2026-03-10 13:45:24] App\Models\SalaryPayroll UPDATED by [1 - Opapru Superadmin]: {
    "id": 225,
    "batch_id": "a143b3dc-d6a4-4fd8-a87d-67d84cdcb736",
    "payroll_date": "2026-03-15",
    "cut_off_period": "2026-03-01 to 2026-03-15",
    "employment_type": 2,
    "hasDeductions": 1,
    "status": "pending",
    "created_at": "2026-03-10 13:41:21",
    "updated_at": "2026-03-10 13:45:24"
}
[2026-03-10 13:48:33] App\Models\EmployeeInformation UPDATED by [1 - Opapru Superadmin]: {
    "id": 1,
    "employee_no": "EMP-TEST-01",
    "bsd_no": "10111111111111",
    "section_id": 1,
    "position_id": 1,
    "job_completion": "2026-04-11",
    "company_name": null,
    "date_hired": "2025-01-05",
    "shift_id": 1,
    "schedule_id": 1,
    "employment_type_id": "3",
    "status": "active",
    "salary_method": "land bank atm",
    "salary": "300961",
    "step_id": 1,
    "w_tax": 0,
    "salary_type": "monthly",
    "payroll_account_number": null,
    "bank_account_no": null,
    "hasDBP": 0,
    "hasUK": 0,
    "hasPagibigLoan": 0,
    "isDeleted": 0,
    "isTransferingEmp": 0,
    "date_resignation": null,
    "created_at": "2025-08-05 15:36:40",
    "updated_at": "2026-03-10 13:48:33"
}
[2026-03-10 13:49:01] App\Models\SalaryPayroll UPDATED by [1 - Opapru Superadmin]: {
    "id": 224,
    "batch_id": "a143b527-7458-46a6-84b8-ca8cd1990f0f",
    "payroll_date": "2026-03-15",
    "cut_off_period": "2026-03-01 to 2026-03-15",
    "employment_type": 1,
    "hasDeductions": 1,
    "status": "pending",
    "created_at": "2026-03-10 10:28:39",
    "updated_at": "2026-03-10 13:49:01"
}
[2026-03-10 13:49:01] App\Models\SalaryPayroll UPDATED by [1 - Opapru Superadmin]: {
    "id": 224,
    "batch_id": "a143b527-fce9-4918-8684-30080a7c33c8",
    "payroll_date": "2026-03-15",
    "cut_off_period": "2026-03-01 to 2026-03-15",
    "employment_type": 1,
    "hasDeductions": 1,
    "status": "pending",
    "created_at": "2026-03-10 10:28:39",
    "updated_at": "2026-03-10 13:49:01"
}
[2026-03-10 13:52:24] App\Models\SalaryPayroll UPDATED by [1 - Opapru Superadmin]: {
    "id": 224,
    "batch_id": "a143b65d-3de9-46a7-9575-d9ff0df90ac8",
    "payroll_date": "2026-03-15",
    "cut_off_period": "2026-03-01 to 2026-03-15",
    "employment_type": 1,
    "hasDeductions": 1,
    "status": "pending",
    "created_at": "2026-03-10 10:28:39",
    "updated_at": "2026-03-10 13:52:24"
}
[2026-03-10 13:52:24] App\Models\SalaryPayroll UPDATED by [1 - Opapru Superadmin]: {
    "id": 224,
    "batch_id": "a143b65d-d612-4c9c-9e6f-88ad5f1120d6",
    "payroll_date": "2026-03-15",
    "cut_off_period": "2026-03-01 to 2026-03-15",
    "employment_type": 1,
    "hasDeductions": 1,
    "status": "pending",
    "created_at": "2026-03-10 10:28:39",
    "updated_at": "2026-03-10 13:52:24"
}
[2026-03-10 13:54:42] App\Models\SalaryPayroll UPDATED by [1 - Opapru Superadmin]: {
    "id": 224,
    "batch_id": "a143b72f-6879-418b-b51f-4987b53524ea",
    "payroll_date": "2026-03-15",
    "cut_off_period": "2026-03-01 to 2026-03-15",
    "employment_type": 1,
    "hasDeductions": 1,
    "status": "pending",
    "created_at": "2026-03-10 10:28:39",
    "updated_at": "2026-03-10 13:54:42"
}
[2026-03-10 13:54:42] App\Models\SalaryPayroll UPDATED by [1 - Opapru Superadmin]: {
    "id": 224,
    "batch_id": "a143b72f-e6ba-48b5-9f52-ae3c96405177",
    "payroll_date": "2026-03-15",
    "cut_off_period": "2026-03-01 to 2026-03-15",
    "employment_type": 1,
    "hasDeductions": 1,
    "status": "pending",
    "created_at": "2026-03-10 10:28:39",
    "updated_at": "2026-03-10 13:54:42"
}
[2026-03-10 13:56:32] App\Models\SalaryPayroll UPDATED by [1 - Opapru Superadmin]: {
    "id": 224,
    "batch_id": "a143b7d7-e0ca-4d56-b93e-e6ec9385977a",
    "payroll_date": "2026-03-15",
    "cut_off_period": "2026-03-01 to 2026-03-15",
    "employment_type": 1,
    "hasDeductions": 1,
    "status": "pending",
    "created_at": "2026-03-10 10:28:39",
    "updated_at": "2026-03-10 13:56:32"
}
[2026-03-10 13:56:33] App\Models\SalaryPayroll UPDATED by [1 - Opapru Superadmin]: {
    "id": 224,
    "batch_id": "a143b7d8-6ed9-48b3-9a82-cd37df4822b3",
    "payroll_date": "2026-03-15",
    "cut_off_period": "2026-03-01 to 2026-03-15",
    "employment_type": 1,
    "hasDeductions": 1,
    "status": "pending",
    "created_at": "2026-03-10 10:28:39",
    "updated_at": "2026-03-10 13:56:33"
}
[2026-03-10 14:57:13] App\Models\EmployeeInformation UPDATED by [10 - Maria Cristina Mauricio]: {
    "id": 885,
    "employee_no": "OCS-027",
    "bsd_no": "275",
    "section_id": "33",
    "position_id": 27,
    "job_completion": null,
    "company_name": null,
    "date_hired": null,
    "shift_id": 1,
    "schedule_id": 1,
    "employment_type_id": 1,
    "status": "active",
    "salary_method": "land bank atm",
    "salary": "38764",
    "step_id": 1,
    "w_tax": "2200.00",
    "salary_type": "monthly",
    "payroll_account_number": null,
    "bank_account_no": null,
    "hasDBP": 0,
    "hasUK": 0,
    "hasPagibigLoan": 0,
    "isDeleted": 0,
    "isTransferingEmp": 0,
    "date_resignation": null,
    "created_at": "2026-01-04 21:40:07",
    "updated_at": "2026-03-10 14:57:13"
}
[2026-03-10 15:03:01] App\Models\EmployeeAccount UPDATED by [System]: {
    "id": 746,
    "employee_no": "OCS-593",
    "applicant_id": null,
    "email_id": "maria.adal.quitasol@hris.com",
    "email": null,
    "password": "$2y$12$GNzbnYPU.EoqHkYfzS5KH.gryIlHx9Y0aVSTm1ZfeMKhkSsp0bDKa",
    "isLoggedIn": 0,
    "token": null,
    "isNew": "0",
    "isToUpdatePassword": 0,
    "last_password_updated": "2026-01-02 17:35:46",
    "isLocked": false,
    "locked_at": null,
    "login_attempts": 0,
    "created_at": null,
    "updated_at": null
}
[2026-03-10 15:03:44] App\Models\EmployeeAccount UPDATED by [System]: {
    "id": 746,
    "employee_no": "OCS-593",
    "applicant_id": null,
    "email_id": "maria.adal.quitasol@hris.com",
    "email": null,
    "password": "$2y$12$GNzbnYPU.EoqHkYfzS5KH.gryIlHx9Y0aVSTm1ZfeMKhkSsp0bDKa",
    "isLoggedIn": 0,
    "token": null,
    "isNew": "0",
    "isToUpdatePassword": 0,
    "last_password_updated": "2026-01-02 17:35:46",
    "isLocked": false,
    "locked_at": null,
    "login_attempts": 0,
    "created_at": null,
    "updated_at": null
}
[2026-03-10 15:07:34] App\Models\EmployeeAccount UPDATED by [System]: {
    "id": 746,
    "employee_no": "OCS-593",
    "applicant_id": null,
    "email_id": "maria.adal.quitasol@hris.com",
    "email": null,
    "password": "$2y$12$GNzbnYPU.EoqHkYfzS5KH.gryIlHx9Y0aVSTm1ZfeMKhkSsp0bDKa",
    "isLoggedIn": 0,
    "token": null,
    "isNew": "0",
    "isToUpdatePassword": 0,
    "last_password_updated": "2026-01-02 17:35:46",
    "isLocked": false,
    "locked_at": null,
    "login_attempts": 0,
    "created_at": null,
    "updated_at": null
}
[2026-03-10 15:11:06] App\Models\EmployeeAnnouncementsSeen CREATED by [746 - ]: {
    "announcement_id": 1,
    "employee_no": "OCS-593",
    "updated_at": "2026-03-10 15:11:06",
    "created_at": "2026-03-10 15:11:06",
    "id": 211
}
[2026-03-10 15:13:27] App\Models\EmployeeAccount UPDATED by [System]: {
    "id": 746,
    "employee_no": "OCS-593",
    "applicant_id": null,
    "email_id": "maria.adal.quitasol@hris.com",
    "email": null,
    "password": "$2y$12$GNzbnYPU.EoqHkYfzS5KH.gryIlHx9Y0aVSTm1ZfeMKhkSsp0bDKa",
    "isLoggedIn": 0,
    "token": null,
    "isNew": "0",
    "isToUpdatePassword": 0,
    "last_password_updated": "2026-01-02 17:35:46",
    "isLocked": false,
    "locked_at": null,
    "login_attempts": 0,
    "created_at": null,
    "updated_at": null
}
[2026-03-10 15:14:57] App\Models\EmployeeAccount UPDATED by [System]: {
    "id": 751,
    "employee_no": "OCS-597",
    "applicant_id": null,
    "email_id": "michael.arada@hris.com",
    "email": null,
    "password": "$2y$12$qZovaA7sgcaXlZj72MIkYeMdfoCB3sfPcOK5nxUAEhr8g3vTF9ane",
    "isLoggedIn": 0,
    "token": null,
    "isNew": "0",
    "isToUpdatePassword": 0,
    "last_password_updated": "2026-01-02 17:38:07",
    "isLocked": 0,
    "locked_at": null,
    "login_attempts": 3,
    "created_at": null,
    "updated_at": null
}
[2026-03-10 15:15:08] App\Models\EmployeeAccount UPDATED by [System]: {
    "id": 751,
    "employee_no": "OCS-597",
    "applicant_id": null,
    "email_id": "michael.arada@hris.com",
    "email": null,
    "password": "$2y$12$qZovaA7sgcaXlZj72MIkYeMdfoCB3sfPcOK5nxUAEhr8g3vTF9ane",
    "isLoggedIn": 0,
    "token": null,
    "isNew": "0",
    "isToUpdatePassword": 0,
    "last_password_updated": "2026-01-02 17:38:07",
    "isLocked": 0,
    "locked_at": null,
    "login_attempts": 4,
    "created_at": null,
    "updated_at": null
}
[2026-03-10 15:15:28] App\Models\EmployeeAccount UPDATED by [System]: {
    "id": 15,
    "employee_no": "OP-21-032",
    "applicant_id": null,
    "email_id": "jane.bargo.1@hris.com",
    "email": null,
    "password": "$2y$12$Z4P5jjPg9yFV\/HIRzcrFF.Twj8fLcIH9a3Pku4vK.VqgGxTLBW1Y2",
    "isLoggedIn": 0,
    "token": null,
    "isNew": "1",
    "isToUpdatePassword": 0,
    "last_password_updated": null,
    "isLocked": false,
    "locked_at": null,
    "login_attempts": 0,
    "created_at": null,
    "updated_at": null
}
[2026-03-10 15:16:03] App\Models\EmployeeAccount UPDATED by [System]: {
    "id": 15,
    "employee_no": "OP-21-032",
    "applicant_id": null,
    "email_id": "jane.bargo.1@hris.com",
    "email": null,
    "password": "$2y$12$Z4P5jjPg9yFV\/HIRzcrFF.Twj8fLcIH9a3Pku4vK.VqgGxTLBW1Y2",
    "isLoggedIn": 0,
    "token": null,
    "isNew": "1",
    "isToUpdatePassword": 0,
    "last_password_updated": null,
    "isLocked": 0,
    "locked_at": null,
    "login_attempts": 1,
    "created_at": null,
    "updated_at": null
}
[2026-03-10 15:16:04] App\Models\EmployeeAccount UPDATED by [System]: {
    "id": 132,
    "employee_no": "OP-21-049",
    "applicant_id": null,
    "email_id": "maria.josela.clemente@hris.com",
    "email": null,
    "password": "$2y$12$i2j\/Uvmge69\/YtHjcXJYOO2xGgOL1uctesqdtNZMQmZkz0ECgZ.4i",
    "isLoggedIn": 0,
    "token": null,
    "isNew": "0",
    "isToUpdatePassword": 0,
    "last_password_updated": "2026-01-03 21:02:52",
    "isLocked": 0,
    "locked_at": null,
    "login_attempts": 1,
    "created_at": null,
    "updated_at": null
}
[2026-03-10 15:16:21] App\Models\EmployeeAccount UPDATED by [System]: {
    "id": 15,
    "employee_no": "OP-21-032",
    "applicant_id": null,
    "email_id": "jane.bargo.1@hris.com",
    "email": null,
    "password": "$2y$12$Z4P5jjPg9yFV\/HIRzcrFF.Twj8fLcIH9a3Pku4vK.VqgGxTLBW1Y2",
    "isLoggedIn": 0,
    "token": null,
    "isNew": "1",
    "isToUpdatePassword": 0,
    "last_password_updated": null,
    "isLocked": 0,
    "locked_at": null,
    "login_attempts": 2,
    "created_at": null,
    "updated_at": null
}
[2026-03-10 15:16:27] App\Models\EmployeeAccount UPDATED by [System]: {
    "id": 132,
    "employee_no": "OP-21-049",
    "applicant_id": null,
    "email_id": "maria.josela.clemente@hris.com",
    "email": null,
    "password": "$2y$12$i2j\/Uvmge69\/YtHjcXJYOO2xGgOL1uctesqdtNZMQmZkz0ECgZ.4i",
    "isLoggedIn": 0,
    "token": null,
    "isNew": "0",
    "isToUpdatePassword": 0,
    "last_password_updated": "2026-01-03 21:02:52",
    "isLocked": 0,
    "locked_at": null,
    "login_attempts": 2,
    "created_at": null,
    "updated_at": null
}
[2026-03-10 15:16:37] App\Models\EmployeeAccount UPDATED by [System]: {
    "id": 132,
    "employee_no": "OP-21-049",
    "applicant_id": null,
    "email_id": "maria.josela.clemente@hris.com",
    "email": null,
    "password": "$2y$12$i2j\/Uvmge69\/YtHjcXJYOO2xGgOL1uctesqdtNZMQmZkz0ECgZ.4i",
    "isLoggedIn": 0,
    "token": null,
    "isNew": "0",
    "isToUpdatePassword": 0,
    "last_password_updated": "2026-01-03 21:02:52",
    "isLocked": 0,
    "locked_at": null,
    "login_attempts": 3,
    "created_at": null,
    "updated_at": null
}
[2026-03-10 15:17:25] App\Models\EmployeeAccount UPDATED by [System]: {
    "id": 141,
    "employee_no": "OCS-046",
    "applicant_id": null,
    "email_id": "ericka.clemente@hris.com",
    "email": null,
    "password": "$2y$12$u8S6gzfnrLb4\/d2NOuYTf.683XeTHNOsUwfDVgtRNbQ8tJcsof8EW",
    "isLoggedIn": 0,
    "token": null,
    "isNew": "0",
    "isToUpdatePassword": 0,
    "last_password_updated": "2025-08-06 13:26:33",
    "isLocked": 0,
    "locked_at": null,
    "login_attempts": 4,
    "created_at": null,
    "updated_at": null
}
[2026-03-10 15:17:40] App\Models\EmployeeAccount UPDATED by [System]: {
    "id": 751,
    "employee_no": "OCS-597",
    "applicant_id": null,
    "email_id": "michael.arada@hris.com",
    "email": null,
    "password": "$2y$12$qZovaA7sgcaXlZj72MIkYeMdfoCB3sfPcOK5nxUAEhr8g3vTF9ane",
    "isLoggedIn": 0,
    "token": null,
    "isNew": "0",
    "isToUpdatePassword": 0,
    "last_password_updated": "2026-01-02 17:38:07",
    "isLocked": 0,
    "locked_at": null,
    "login_attempts": 5,
    "created_at": null,
    "updated_at": null
}
[2026-03-10 15:17:40] App\Models\EmployeeAccount UPDATED by [System]: {
    "id": 751,
    "employee_no": "OCS-597",
    "applicant_id": null,
    "email_id": "michael.arada@hris.com",
    "email": null,
    "password": "$2y$12$qZovaA7sgcaXlZj72MIkYeMdfoCB3sfPcOK5nxUAEhr8g3vTF9ane",
    "isLoggedIn": 0,
    "token": null,
    "isNew": "0",
    "isToUpdatePassword": 0,
    "last_password_updated": "2026-01-02 17:38:07",
    "isLocked": true,
    "locked_at": "2026-03-10T07:17:40.127802Z",
    "login_attempts": 5,
    "created_at": null,
    "updated_at": null
}
[2026-03-10 15:18:47] App\Models\EmployeeAccount UPDATED by [9 - bea milan]: {
    "id": 751,
    "employee_no": "OCS-597",
    "applicant_id": null,
    "email_id": "michael.arada@hris.com",
    "email": null,
    "password": "$2y$12$qZovaA7sgcaXlZj72MIkYeMdfoCB3sfPcOK5nxUAEhr8g3vTF9ane",
    "isLoggedIn": 0,
    "token": null,
    "isNew": "0",
    "isToUpdatePassword": 0,
    "last_password_updated": "2026-01-02 17:38:07",
    "isLocked": false,
    "locked_at": "2026-03-10 15:17:40",
    "login_attempts": 0,
    "created_at": null,
    "updated_at": null
}
[2026-03-10 15:20:55] App\Models\EmployeeAccount UPDATED by [System]: {
    "id": 929,
    "employee_no": "OCS-718",
    "applicant_id": null,
    "email_id": "jason.adriatico.1@hris.com",
    "email": null,
    "password": "$2y$12$4oxLqxA5lOZh5tHacp2Rr..f21VbXDx2d0J6UEy8.A6Nam.XhB1KC",
    "isLoggedIn": 0,
    "token": null,
    "isNew": "1",
    "isToUpdatePassword": 0,
    "last_password_updated": null,
    "isLocked": 0,
    "locked_at": null,
    "login_attempts": 1,
    "created_at": null,
    "updated_at": null
}
[2026-03-10 15:25:22] App\Models\EmployeeInformation UPDATED by [10 - Maria Cristina Mauricio]: {
    "id": 182,
    "employee_no": "OCS-109",
    "bsd_no": "279",
    "section_id": "27",
    "position_id": "5",
    "job_completion": null,
    "company_name": null,
    "date_hired": null,
    "shift_id": 1,
    "schedule_id": 1,
    "employment_type_id": 1,
    "status": "active",
    "salary_method": "land bank atm",
    "salary": "167129",
    "step_id": 1,
    "w_tax": 0,
    "salary_type": "monthly",
    "payroll_account_number": null,
    "bank_account_no": null,
    "hasDBP": 0,
    "hasUK": 0,
    "hasPagibigLoan": 0,
    "isDeleted": 0,
    "isTransferingEmp": 0,
    "date_resignation": null,
    "created_at": "2025-08-05 15:38:12",
    "updated_at": "2026-03-10 15:25:22"
}
[2026-03-10 15:28:35] App\Models\EmployeeAccount UPDATED by [System]: {
    "id": 751,
    "employee_no": "OCS-597",
    "applicant_id": null,
    "email_id": "michael.arada@hris.com",
    "email": null,
    "password": "$2y$12$qZovaA7sgcaXlZj72MIkYeMdfoCB3sfPcOK5nxUAEhr8g3vTF9ane",
    "isLoggedIn": 0,
    "token": null,
    "isNew": "0",
    "isToUpdatePassword": 0,
    "last_password_updated": "2026-01-02 17:38:07",
    "isLocked": 0,
    "locked_at": "2026-03-10 15:17:40",
    "login_attempts": 1,
    "created_at": null,
    "updated_at": null
}
[2026-03-10 15:28:46] App\Models\EmployeeAccount UPDATED by [System]: {
    "id": 751,
    "employee_no": "OCS-597",
    "applicant_id": null,
    "email_id": "michael.arada@hris.com",
    "email": null,
    "password": "$2y$12$qZovaA7sgcaXlZj72MIkYeMdfoCB3sfPcOK5nxUAEhr8g3vTF9ane",
    "isLoggedIn": 0,
    "token": null,
    "isNew": "0",
    "isToUpdatePassword": 0,
    "last_password_updated": "2026-01-02 17:38:07",
    "isLocked": false,
    "locked_at": null,
    "login_attempts": 0,
    "created_at": null,
    "updated_at": null
}
[2026-03-10 15:29:09] App\Models\EmployeeAccount UPDATED by [System]: {
    "id": 132,
    "employee_no": "OP-21-049",
    "applicant_id": null,
    "email_id": "maria.josela.clemente@hris.com",
    "email": null,
    "password": "$2y$12$i2j\/Uvmge69\/YtHjcXJYOO2xGgOL1uctesqdtNZMQmZkz0ECgZ.4i",
    "isLoggedIn": 0,
    "token": null,
    "isNew": "0",
    "isToUpdatePassword": 0,
    "last_password_updated": "2026-01-03 21:02:52",
    "isLocked": false,
    "locked_at": null,
    "login_attempts": 0,
    "created_at": null,
    "updated_at": null
}
[2026-03-10 15:30:10] App\Models\EmployeeAccount UPDATED by [System]: {
    "id": 938,
    "employee_no": "OCS-794",
    "applicant_id": null,
    "email_id": "maria.cristina.mauricio.1@hris.com",
    "email": "cristina.mauricio@peace.gov.ph",
    "password": "$2y$12$5AD6QOcS\/hv\/T2hxOVAEIuGSmJ5PxsxJWpbi5Z.gSPg27BFLSZ\/aS",
    "isLoggedIn": 0,
    "token": null,
    "isNew": "0",
    "isToUpdatePassword": 0,
    "last_password_updated": "2026-01-05 05:04:57",
    "isLocked": false,
    "locked_at": null,
    "login_attempts": 0,
    "created_at": null,
    "updated_at": null
}
[2026-03-10 15:30:19] App\Models\EmployeeInformation UPDATED by [10 - Maria Cristina Mauricio]: {
    "id": 968,
    "employee_no": "JO-006",
    "bsd_no": "1060",
    "section_id": "32",
    "position_id": 114,
    "job_completion": "2026-06-30",
    "company_name": null,
    "date_hired": null,
    "shift_id": 1,
    "schedule_id": 1,
    "employment_type_id": "3",
    "status": "active",
    "salary_method": "land bank atm",
    "salary": "20219",
    "step_id": 1,
    "w_tax": 0,
    "salary_type": "monthly",
    "payroll_account_number": null,
    "bank_account_no": null,
    "hasDBP": 0,
    "hasUK": 0,
    "hasPagibigLoan": 0,
    "isDeleted": 0,
    "isTransferingEmp": 0,
    "date_resignation": null,
    "created_at": "2026-03-10 15:28:55",
    "updated_at": "2026-03-10 15:30:19"
}
[2026-03-10 15:31:06] App\Models\EmployeeAccount UPDATED by [System]: {
    "id": 827,
    "employee_no": "OCS-670",
    "applicant_id": null,
    "email_id": "vilma.zaballa@hris.com",
    "email": "vilmazaballa@gmail.com",
    "password": "$2y$12$lJn1iPmOeWMBWbpFfN1NpuuuFb8AF9O1xyRqxbBNgLJJFDTwrHulW",
    "isLoggedIn": 0,
    "token": null,
    "isNew": "0",
    "isToUpdatePassword": 0,
    "last_password_updated": "2026-01-02 16:11:39",
    "isLocked": 0,
    "locked_at": null,
    "login_attempts": 1,
    "created_at": null,
    "updated_at": null
}
[2026-03-10 15:31:19] App\Models\EmployeeAccount UPDATED by [System]: {
    "id": 250,
    "employee_no": "OCS-049",
    "applicant_id": null,
    "email_id": "marielle.asuncion@hris.com",
    "email": null,
    "password": "$2y$12$9IaU7PaBnGy.1eK1ALvrROMSn\/l3kAcNBf45ofcWT0RHoXA4fAFlu",
    "isLoggedIn": 0,
    "token": null,
    "isNew": "0",
    "isToUpdatePassword": 0,
    "last_password_updated": "2026-01-06 16:27:19",
    "isLocked": 0,
    "locked_at": null,
    "login_attempts": 1,
    "created_at": null,
    "updated_at": null
}
[2026-03-10 15:31:20] App\Models\EmployeeAccount UPDATED by [System]: {
    "id": 250,
    "employee_no": "OCS-049",
    "applicant_id": null,
    "email_id": "marielle.asuncion@hris.com",
    "email": null,
    "password": "$2y$12$9IaU7PaBnGy.1eK1ALvrROMSn\/l3kAcNBf45ofcWT0RHoXA4fAFlu",
    "isLoggedIn": 0,
    "token": null,
    "isNew": "0",
    "isToUpdatePassword": 0,
    "last_password_updated": "2026-01-06 16:27:19",
    "isLocked": 0,
    "locked_at": null,
    "login_attempts": 1,
    "created_at": null,
    "updated_at": null
}
[2026-03-10 15:31:36] App\Models\EmployeeAccount UPDATED by [System]: {
    "id": 250,
    "employee_no": "OCS-049",
    "applicant_id": null,
    "email_id": "marielle.asuncion@hris.com",
    "email": null,
    "password": "$2y$12$9IaU7PaBnGy.1eK1ALvrROMSn\/l3kAcNBf45ofcWT0RHoXA4fAFlu",
    "isLoggedIn": 0,
    "token": null,
    "isNew": "0",
    "isToUpdatePassword": 0,
    "last_password_updated": "2026-01-06 16:27:19",
    "isLocked": 0,
    "locked_at": null,
    "login_attempts": 3,
    "created_at": null,
    "updated_at": null
}
[2026-03-10 15:31:36] App\Models\EmployeeAccount UPDATED by [System]: {
    "id": 938,
    "employee_no": "OCS-794",
    "applicant_id": null,
    "email_id": "maria.cristina.mauricio.1@hris.com",
    "email": "cristina.mauricio@peace.gov.ph",
    "password": "$2y$12$5AD6QOcS\/hv\/T2hxOVAEIuGSmJ5PxsxJWpbi5Z.gSPg27BFLSZ\/aS",
    "isLoggedIn": 0,
    "token": null,
    "isNew": "0",
    "isToUpdatePassword": 0,
    "last_password_updated": "2026-01-05 05:04:57",
    "isLocked": false,
    "locked_at": null,
    "login_attempts": 0,
    "created_at": null,
    "updated_at": null
}
[2026-03-10 15:31:37] App\Models\EmployeeAccount UPDATED by [System]: {
    "id": 827,
    "employee_no": "OCS-670",
    "applicant_id": null,
    "email_id": "vilma.zaballa@hris.com",
    "email": "vilmazaballa@gmail.com",
    "password": "$2y$12$lJn1iPmOeWMBWbpFfN1NpuuuFb8AF9O1xyRqxbBNgLJJFDTwrHulW",
    "isLoggedIn": 0,
    "token": null,
    "isNew": "0",
    "isToUpdatePassword": 0,
    "last_password_updated": "2026-01-02 16:11:39",
    "isLocked": 0,
    "locked_at": null,
    "login_attempts": 2,
    "created_at": null,
    "updated_at": null
}
[2026-03-10 15:31:51] App\Models\EmployeeAccount UPDATED by [System]: {
    "id": 250,
    "employee_no": "OCS-049",
    "applicant_id": null,
    "email_id": "marielle.asuncion@hris.com",
    "email": null,
    "password": "$2y$12$9IaU7PaBnGy.1eK1ALvrROMSn\/l3kAcNBf45ofcWT0RHoXA4fAFlu",
    "isLoggedIn": 0,
    "token": null,
    "isNew": "0",
    "isToUpdatePassword": 0,
    "last_password_updated": "2026-01-06 16:27:19",
    "isLocked": 0,
    "locked_at": null,
    "login_attempts": 4,
    "created_at": null,
    "updated_at": null
}
[2026-03-10 15:32:32] App\Models\EmployeeAccount UPDATED by [System]: {
    "id": 250,
    "employee_no": "OCS-049",
    "applicant_id": null,
    "email_id": "marielle.asuncion@hris.com",
    "email": null,
    "password": "$2y$12$9IaU7PaBnGy.1eK1ALvrROMSn\/l3kAcNBf45ofcWT0RHoXA4fAFlu",
    "isLoggedIn": 0,
    "token": null,
    "isNew": "0",
    "isToUpdatePassword": 0,
    "last_password_updated": "2026-01-06 16:27:19",
    "isLocked": 0,
    "locked_at": null,
    "login_attempts": 5,
    "created_at": null,
    "updated_at": null
}
[2026-03-10 15:32:32] App\Models\EmployeeAccount UPDATED by [System]: {
    "id": 250,
    "employee_no": "OCS-049",
    "applicant_id": null,
    "email_id": "marielle.asuncion@hris.com",
    "email": null,
    "password": "$2y$12$9IaU7PaBnGy.1eK1ALvrROMSn\/l3kAcNBf45ofcWT0RHoXA4fAFlu",
    "isLoggedIn": 0,
    "token": null,
    "isNew": "0",
    "isToUpdatePassword": 0,
    "last_password_updated": "2026-01-06 16:27:19",
    "isLocked": true,
    "locked_at": "2026-03-10T07:32:32.777168Z",
    "login_attempts": 5,
    "created_at": null,
    "updated_at": null
}
[2026-03-10 15:33:08] App\Models\EmployeeAccount UPDATED by [System]: {
    "id": 967,
    "employee_no": "JO-006",
    "applicant_id": null,
    "email_id": ".jonathan..velasco@peace.gov.ph",
    "email": "jonathanvelasco021013@gmail.com",
    "password": "$2y$12$wlpRF06eAzRB5A3S7dZlt.EkVEH2H\/pB0Jo3Rc5hx4Q\/em\/bCF\/.S",
    "isLoggedIn": 0,
    "token": null,
    "isNew": "1",
    "isToUpdatePassword": 0,
    "last_password_updated": null,
    "isLocked": false,
    "locked_at": null,
    "login_attempts": 0,
    "created_at": null,
    "updated_at": null
}
[2026-03-10 15:33:14] App\Models\EmployeeAccount UPDATED by [9 - bea milan]: {
    "id": 931,
    "employee_no": "OCS-737",
    "applicant_id": null,
    "email_id": "jc.pablico.1@hris.com",
    "email": null,
    "password": "$2y$12$gfIJ0RtG0Pv5kI4hPZqVPOSkm.TrsvVsnw.o4WngQBLjuHkW4n\/gm",
    "isLoggedIn": 0,
    "token": null,
    "isNew": "0",
    "isToUpdatePassword": 0,
    "last_password_updated": "2026-01-05 09:46:56",
    "isLocked": false,
    "locked_at": "2026-03-10 13:30:11",
    "login_attempts": 0,
    "created_at": null,
    "updated_at": null
}
[2026-03-10 15:33:33] App\Models\EmployeeAccount UPDATED by [System]: {
    "id": 967,
    "employee_no": "JO-006",
    "applicant_id": null,
    "email_id": ".jonathan..velasco@peace.gov.ph",
    "email": "jonathanvelasco021013@gmail.com",
    "password": "$2y$12$G2ouOznzruwnNQcQC0HvpecdYYWRuYnZxMechTAFCv3Ed0e71hlUC",
    "isLoggedIn": 0,
    "token": null,
    "isNew": false,
    "isToUpdatePassword": false,
    "last_password_updated": "2026-03-10T07:33:33.917999Z",
    "isLocked": 0,
    "locked_at": null,
    "login_attempts": 0,
    "created_at": null,
    "updated_at": null
}
[2026-03-10 15:34:02] App\Models\EmployeeInformation CREATED by [10 - Maria Cristina Mauricio]: {
    "employee_no": "JO-005",
    "section_id": "1",
    "shift_id": "1",
    "schedule_id": "1",
    "position_id": null,
    "date_hired": "2026-06-30",
    "bsd_no": "1044",
    "date_resignation": null,
    "employment_type_id": "3",
    "status": "active",
    "salary_method": "land bank atm",
    "salary_type": "monthly",
    "salary": "22316",
    "payroll_account_number": "",
    "updated_at": "2026-03-10 15:34:02",
    "created_at": "2026-03-10 15:34:02",
    "id": 969
}
[2026-03-10 15:34:13] App\Models\EmployeeAccount UPDATED by [System]: {
    "id": 140,
    "employee_no": "OCS-045",
    "applicant_id": null,
    "email_id": "maricel.bobotioc@hris.com",
    "email": null,
    "password": "$2y$12$Sm6RisPQAg5.B2E.rEy27.ZgFViIbflZ976Xui2fK9RPOGE7W.O9O",
    "isLoggedIn": 0,
    "token": null,
    "isNew": "0",
    "isToUpdatePassword": 0,
    "last_password_updated": "2026-01-05 07:59:50",
    "isLocked": 0,
    "locked_at": null,
    "login_attempts": 1,
    "created_at": null,
    "updated_at": null
}
[2026-03-10 15:34:30] App\Models\EmployeeAccount UPDATED by [System]: {
    "id": 116,
    "employee_no": "OCS-006",
    "applicant_id": null,
    "email_id": "jordan.manalo@hris.com",
    "email": null,
    "password": "$2y$12$ExZDTckm3FeecVEZwLfCcemNq4WgoJ36TUx0jv.oSheLEVhE9aQju",
    "isLoggedIn": 0,
    "token": null,
    "isNew": "0",
    "isToUpdatePassword": 0,
    "last_password_updated": "2026-01-02 22:46:20",
    "isLocked": false,
    "locked_at": null,
    "login_attempts": 0,
    "created_at": null,
    "updated_at": null
}
[2026-03-10 15:34:32] App\Models\EmployeeAccount UPDATED by [System]: {
    "id": 116,
    "employee_no": "OCS-006",
    "applicant_id": null,
    "email_id": "jordan.manalo@hris.com",
    "email": null,
    "password": "$2y$12$ExZDTckm3FeecVEZwLfCcemNq4WgoJ36TUx0jv.oSheLEVhE9aQju",
    "isLoggedIn": 0,
    "token": null,
    "isNew": "0",
    "isToUpdatePassword": 0,
    "last_password_updated": "2026-01-02 22:46:20",
    "isLocked": false,
    "locked_at": null,
    "login_attempts": 0,
    "created_at": null,
    "updated_at": null
}
[2026-03-10 15:34:42] App\Models\EmployeeAccount UPDATED by [System]: {
    "id": 141,
    "employee_no": "OCS-046",
    "applicant_id": null,
    "email_id": "ericka.clemente@hris.com",
    "email": null,
    "password": "$2y$12$u8S6gzfnrLb4\/d2NOuYTf.683XeTHNOsUwfDVgtRNbQ8tJcsof8EW",
    "isLoggedIn": 0,
    "token": null,
    "isNew": "0",
    "isToUpdatePassword": 0,
    "last_password_updated": "2025-08-06 13:26:33",
    "isLocked": false,
    "locked_at": null,
    "login_attempts": 0,
    "created_at": null,
    "updated_at": null
}
[2026-03-10 15:34:49] App\Models\EmployeeUpdatePersonal CREATED by [System]: {
    "employee_no": "OCS-597",
    "profile": null,
    "firstname": "MICHAEL",
    "middlename": null,
    "lastname": "ARADA",
    "suffix": null,
    "birthday": "1993-03-05",
    "civil_status": "single",
    "sex": "male",
    "citizenship": "filipino",
    "citizenship_type": "by_birth",
    "country": null,
    "present_address": "27 Door a antazo st calumpang binangonan rizal",
    "present_province": "rizal",
    "present_city": "binangonan",
    "permanent_address": "27 Door a antazo st calumpang binangonan rizal",
    "permanent_province": "rizal",
    "permanent_city": "binangonan",
    "mobile_number": "09657804933",
    "tel_no": null,
    "email": "aradamichael05@gmail.com",
    "height": "175",
    "weight": "90kg",
    "blood_type": "o+",
    "bp_no": "2005785012",
    "gsis_no": "2005785012",
    "pagibig_no": "1211-7367-3647",
    "philhealth_no": "22-000163439-9",
    "sss_no": "0111-6447435-1",
    "tin_no": "430-716-483-00",
    "updated_at": "2026-03-10 15:34:49",
    "created_at": "2026-03-10 15:34:49",
    "id": 84
}
[2026-03-10 15:35:09] App\Models\EmployeeAccount UPDATED by [System]: {
    "id": 967,
    "employee_no": "JO-006",
    "applicant_id": null,
    "email_id": ".jonathan..velasco@peace.gov.ph",
    "email": "jonathanvelasco021013@gmail.com",
    "password": "$2y$12$G2ouOznzruwnNQcQC0HvpecdYYWRuYnZxMechTAFCv3Ed0e71hlUC",
    "isLoggedIn": 0,
    "token": null,
    "isNew": "0",
    "isToUpdatePassword": 0,
    "last_password_updated": "2026-03-10 15:33:33",
    "isLocked": 0,
    "locked_at": null,
    "login_attempts": 1,
    "created_at": null,
    "updated_at": null
}
[2026-03-10 15:35:20] App\Models\EmployeeAccount UPDATED by [System]: {
    "id": 967,
    "employee_no": "JO-006",
    "applicant_id": null,
    "email_id": ".jonathan..velasco@peace.gov.ph",
    "email": "jonathanvelasco021013@gmail.com",
    "password": "$2y$12$G2ouOznzruwnNQcQC0HvpecdYYWRuYnZxMechTAFCv3Ed0e71hlUC",
    "isLoggedIn": 0,
    "token": null,
    "isNew": "0",
    "isToUpdatePassword": 0,
    "last_password_updated": "2026-03-10 15:33:33",
    "isLocked": false,
    "locked_at": null,
    "login_attempts": 0,
    "created_at": null,
    "updated_at": null
}
[2026-03-10 15:35:37] App\Models\EmployeeAccount UPDATED by [System]: {
    "id": 827,
    "employee_no": "OCS-670",
    "applicant_id": null,
    "email_id": "vilma.zaballa@hris.com",
    "email": "vilmazaballa@gmail.com",
    "password": "$2y$12$lJn1iPmOeWMBWbpFfN1NpuuuFb8AF9O1xyRqxbBNgLJJFDTwrHulW",
    "isLoggedIn": 0,
    "token": null,
    "isNew": "0",
    "isToUpdatePassword": 0,
    "last_password_updated": "2026-01-02 16:11:39",
    "isLocked": 0,
    "locked_at": null,
    "login_attempts": 3,
    "created_at": null,
    "updated_at": null
}
[2026-03-10 15:35:41] App\Models\EmployeeAccount UPDATED by [System]: {
    "id": 935,
    "employee_no": "OCS-773",
    "applicant_id": null,
    "email_id": "daisy.jane.love.tumaneng.1@hris.com",
    "email": null,
    "password": "$2y$12$ynCdoai8H0D4DQ.XQqrnN.Ba7iM1eAHfMSNiL0pwNr0.pzHSmsMoa",
    "isLoggedIn": 0,
    "token": null,
    "isNew": "0",
    "isToUpdatePassword": 0,
    "last_password_updated": "2026-01-05 08:43:37",
    "isLocked": 0,
    "locked_at": null,
    "login_attempts": 1,
    "created_at": null,
    "updated_at": null
}
[2026-03-10 15:35:50] App\Models\EmployeeAccount UPDATED by [System]: {
    "id": 827,
    "employee_no": "OCS-670",
    "applicant_id": null,
    "email_id": "vilma.zaballa@hris.com",
    "email": "vilmazaballa@gmail.com",
    "password": "$2y$12$lJn1iPmOeWMBWbpFfN1NpuuuFb8AF9O1xyRqxbBNgLJJFDTwrHulW",
    "isLoggedIn": 0,
    "token": null,
    "isNew": "0",
    "isToUpdatePassword": 0,
    "last_password_updated": "2026-01-02 16:11:39",
    "isLocked": 0,
    "locked_at": null,
    "login_attempts": 4,
    "created_at": null,
    "updated_at": null
}
[2026-03-10 15:35:54] App\Models\EmployeeAccount UPDATED by [System]: {
    "id": 935,
    "employee_no": "OCS-773",
    "applicant_id": null,
    "email_id": "daisy.jane.love.tumaneng.1@hris.com",
    "email": null,
    "password": "$2y$12$ynCdoai8H0D4DQ.XQqrnN.Ba7iM1eAHfMSNiL0pwNr0.pzHSmsMoa",
    "isLoggedIn": 0,
    "token": null,
    "isNew": "0",
    "isToUpdatePassword": 0,
    "last_password_updated": "2026-01-05 08:43:37",
    "isLocked": 0,
    "locked_at": null,
    "login_attempts": 2,
    "created_at": null,
    "updated_at": null
}
[2026-03-10 15:36:02] App\Models\EmployeeAccount UPDATED by [System]: {
    "id": 827,
    "employee_no": "OCS-670",
    "applicant_id": null,
    "email_id": "vilma.zaballa@hris.com",
    "email": "vilmazaballa@gmail.com",
    "password": "$2y$12$lJn1iPmOeWMBWbpFfN1NpuuuFb8AF9O1xyRqxbBNgLJJFDTwrHulW",
    "isLoggedIn": 0,
    "token": null,
    "isNew": "0",
    "isToUpdatePassword": 0,
    "last_password_updated": "2026-01-02 16:11:39",
    "isLocked": 0,
    "locked_at": null,
    "login_attempts": 5,
    "created_at": null,
    "updated_at": null
}
[2026-03-10 15:36:02] App\Models\EmployeeAccount UPDATED by [System]: {
    "id": 827,
    "employee_no": "OCS-670",
    "applicant_id": null,
    "email_id": "vilma.zaballa@hris.com",
    "email": "vilmazaballa@gmail.com",
    "password": "$2y$12$lJn1iPmOeWMBWbpFfN1NpuuuFb8AF9O1xyRqxbBNgLJJFDTwrHulW",
    "isLoggedIn": 0,
    "token": null,
    "isNew": "0",
    "isToUpdatePassword": 0,
    "last_password_updated": "2026-01-02 16:11:39",
    "isLocked": true,
    "locked_at": "2026-03-10T07:36:02.634835Z",
    "login_attempts": 5,
    "created_at": null,
    "updated_at": null
}
[2026-03-10 15:36:04] App\Models\EmployeeAccount UPDATED by [System]: {
    "id": 935,
    "employee_no": "OCS-773",
    "applicant_id": null,
    "email_id": "daisy.jane.love.tumaneng.1@hris.com",
    "email": null,
    "password": "$2y$12$ynCdoai8H0D4DQ.XQqrnN.Ba7iM1eAHfMSNiL0pwNr0.pzHSmsMoa",
    "isLoggedIn": 0,
    "token": null,
    "isNew": "0",
    "isToUpdatePassword": 0,
    "last_password_updated": "2026-01-05 08:43:37",
    "isLocked": 0,
    "locked_at": null,
    "login_attempts": 3,
    "created_at": null,
    "updated_at": null
}
[2026-03-10 15:36:10] App\Models\EmployeeAccount UPDATED by [System]: {
    "id": 935,
    "employee_no": "OCS-773",
    "applicant_id": null,
    "email_id": "daisy.jane.love.tumaneng.1@hris.com",
    "email": null,
    "password": "$2y$12$ynCdoai8H0D4DQ.XQqrnN.Ba7iM1eAHfMSNiL0pwNr0.pzHSmsMoa",
    "isLoggedIn": 0,
    "token": null,
    "isNew": "0",
    "isToUpdatePassword": 0,
    "last_password_updated": "2026-01-05 08:43:37",
    "isLocked": 0,
    "locked_at": null,
    "login_attempts": 4,
    "created_at": null,
    "updated_at": null
}
[2026-03-10 15:36:16] App\Models\EmployeeAccount UPDATED by [System]: {
    "id": 935,
    "employee_no": "OCS-773",
    "applicant_id": null,
    "email_id": "daisy.jane.love.tumaneng.1@hris.com",
    "email": null,
    "password": "$2y$12$ynCdoai8H0D4DQ.XQqrnN.Ba7iM1eAHfMSNiL0pwNr0.pzHSmsMoa",
    "isLoggedIn": 0,
    "token": null,
    "isNew": "0",
    "isToUpdatePassword": 0,
    "last_password_updated": "2026-01-05 08:43:37",
    "isLocked": 0,
    "locked_at": null,
    "login_attempts": 5,
    "created_at": null,
    "updated_at": null
}
[2026-03-10 15:36:16] App\Models\EmployeeAccount UPDATED by [System]: {
    "id": 935,
    "employee_no": "OCS-773",
    "applicant_id": null,
    "email_id": "daisy.jane.love.tumaneng.1@hris.com",
    "email": null,
    "password": "$2y$12$ynCdoai8H0D4DQ.XQqrnN.Ba7iM1eAHfMSNiL0pwNr0.pzHSmsMoa",
    "isLoggedIn": 0,
    "token": null,
    "isNew": "0",
    "isToUpdatePassword": 0,
    "last_password_updated": "2026-01-05 08:43:37",
    "isLocked": true,
    "locked_at": "2026-03-10T07:36:16.093599Z",
    "login_attempts": 5,
    "created_at": null,
    "updated_at": null
}
[2026-03-10 15:36:41] App\Models\EmployeeAccount UPDATED by [System]: {
    "id": 140,
    "employee_no": "OCS-045",
    "applicant_id": null,
    "email_id": "maricel.bobotioc@hris.com",
    "email": null,
    "password": "$2y$12$Sm6RisPQAg5.B2E.rEy27.ZgFViIbflZ976Xui2fK9RPOGE7W.O9O",
    "isLoggedIn": 0,
    "token": null,
    "isNew": "0",
    "isToUpdatePassword": 0,
    "last_password_updated": "2026-01-05 07:59:50",
    "isLocked": 0,
    "locked_at": null,
    "login_attempts": 2,
    "created_at": null,
    "updated_at": null
}
[2026-03-10 15:36:46] App\Models\EmployeeAccount UPDATED by [System]: {
    "id": 140,
    "employee_no": "OCS-045",
    "applicant_id": null,
    "email_id": "maricel.bobotioc@hris.com",
    "email": null,
    "password": "$2y$12$Sm6RisPQAg5.B2E.rEy27.ZgFViIbflZ976Xui2fK9RPOGE7W.O9O",
    "isLoggedIn": 0,
    "token": null,
    "isNew": "0",
    "isToUpdatePassword": 0,
    "last_password_updated": "2026-01-05 07:59:50",
    "isLocked": 0,
    "locked_at": null,
    "login_attempts": 3,
    "created_at": null,
    "updated_at": null
}
[2026-03-10 15:36:51] App\Models\EmployeeAccount UPDATED by [10 - Maria Cristina Mauricio]: {
    "id": 935,
    "employee_no": "OCS-773",
    "applicant_id": null,
    "email_id": "daisy.jane.love.tumaneng.1@hris.com",
    "email": null,
    "password": "$2y$12$ynCdoai8H0D4DQ.XQqrnN.Ba7iM1eAHfMSNiL0pwNr0.pzHSmsMoa",
    "isLoggedIn": 0,
    "token": null,
    "isNew": "0",
    "isToUpdatePassword": 0,
    "last_password_updated": "2026-01-05 08:43:37",
    "isLocked": false,
    "locked_at": "2026-03-10 15:36:16",
    "login_attempts": 0,
    "created_at": null,
    "updated_at": null
}
[2026-03-10 15:36:54] App\Models\EmployeeAccount UPDATED by [System]: {
    "id": 140,
    "employee_no": "OCS-045",
    "applicant_id": null,
    "email_id": "maricel.bobotioc@hris.com",
    "email": null,
    "password": "$2y$12$Sm6RisPQAg5.B2E.rEy27.ZgFViIbflZ976Xui2fK9RPOGE7W.O9O",
    "isLoggedIn": 0,
    "token": null,
    "isNew": "0",
    "isToUpdatePassword": 0,
    "last_password_updated": "2026-01-05 07:59:50",
    "isLocked": 0,
    "locked_at": null,
    "login_attempts": 4,
    "created_at": null,
    "updated_at": null
}
[2026-03-10 15:37:08] App\Models\EmployeeAccount UPDATED by [System]: {
    "id": 82,
    "employee_no": "OP-21-020",
    "applicant_id": null,
    "email_id": "afril.apolinar@hris.com",
    "email": null,
    "password": "$2y$12$SMftMPLp70E.VDz2Zz5jbOvW7vz8AF0QCJqoZc94MLpjVAnWcwj3C",
    "isLoggedIn": 0,
    "token": null,
    "isNew": "0",
    "isToUpdatePassword": 0,
    "last_password_updated": "2026-01-02 14:40:20",
    "isLocked": false,
    "locked_at": null,
    "login_attempts": 0,
    "created_at": null,
    "updated_at": null
}
[2026-03-10 15:37:25] App\Models\EmployeeAccount UPDATED by [System]: {
    "id": 935,
    "employee_no": "OCS-773",
    "applicant_id": null,
    "email_id": "daisy.jane.love.tumaneng.1@hris.com",
    "email": null,
    "password": "$2y$12$ynCdoai8H0D4DQ.XQqrnN.Ba7iM1eAHfMSNiL0pwNr0.pzHSmsMoa",
    "isLoggedIn": 0,
    "token": null,
    "isNew": "0",
    "isToUpdatePassword": 0,
    "last_password_updated": "2026-01-05 08:43:37",
    "isLocked": 0,
    "locked_at": "2026-03-10 15:36:16",
    "login_attempts": 1,
    "created_at": null,
    "updated_at": null
}
[2026-03-10 15:37:32] App\Models\EmployeeAccount UPDATED by [1 - Opapru Superadmin]: {
    "id": 967,
    "employee_no": "JO-006",
    "applicant_id": null,
    "email_id": ".jonathan..velasco@peace.gov.ph",
    "email": "jonathanvelasco021013@gmail.com",
    "password": "$2y$12$fl\/sgqAFzqccgIaC1sgAW.cvbbUGLF\/42of3XsmIhWDEwH35ds3Hi",
    "isLoggedIn": 0,
    "token": null,
    "isNew": "0",
    "isToUpdatePassword": 0,
    "last_password_updated": "2026-03-10 15:33:33",
    "isLocked": 0,
    "locked_at": null,
    "login_attempts": 0,
    "created_at": null,
    "updated_at": null
}
[2026-03-10 15:37:34] App\Models\EmployeeAccount UPDATED by [System]: {
    "id": 22,
    "employee_no": "OP-21-045",
    "applicant_id": null,
    "email_id": "linda.ca\u00d1ete@hris.com",
    "email": null,
    "password": "$2y$10$6z7P5Ja59\/qkb8Mh9S8CueGOCQnw2\/Q0gxCzdRjSjs8UMkwW6XR8e",
    "isLoggedIn": 0,
    "token": null,
    "isNew": "1",
    "isToUpdatePassword": 0,
    "last_password_updated": null,
    "isLocked": false,
    "locked_at": null,
    "login_attempts": 0,
    "created_at": null,
    "updated_at": null
}
[2026-03-10 15:37:40] App\Models\EmployeeAccount UPDATED by [System]: {
    "id": 935,
    "employee_no": "OCS-773",
    "applicant_id": null,
    "email_id": "daisy.jane.love.tumaneng.1@hris.com",
    "email": null,
    "password": "$2y$12$ynCdoai8H0D4DQ.XQqrnN.Ba7iM1eAHfMSNiL0pwNr0.pzHSmsMoa",
    "isLoggedIn": 0,
    "token": null,
    "isNew": "0",
    "isToUpdatePassword": 0,
    "last_password_updated": "2026-01-05 08:43:37",
    "isLocked": 0,
    "locked_at": "2026-03-10 15:36:16",
    "login_attempts": 2,
    "created_at": null,
    "updated_at": null
}
[2026-03-10 15:38:16] App\Models\EmployeeAccount UPDATED by [System]: {
    "id": 935,
    "employee_no": "OCS-773",
    "applicant_id": null,
    "email_id": "daisy.jane.love.tumaneng.1@hris.com",
    "email": null,
    "password": "$2y$12$ynCdoai8H0D4DQ.XQqrnN.Ba7iM1eAHfMSNiL0pwNr0.pzHSmsMoa",
    "isLoggedIn": 0,
    "token": null,
    "isNew": "0",
    "isToUpdatePassword": 0,
    "last_password_updated": "2026-01-05 08:43:37",
    "isLocked": 0,
    "locked_at": "2026-03-10 15:36:16",
    "login_attempts": 3,
    "created_at": null,
    "updated_at": null
}
[2026-03-10 15:39:11] App\Models\EmployeeAccount UPDATED by [System]: {
    "id": 140,
    "employee_no": "OCS-045",
    "applicant_id": null,
    "email_id": "maricel.bobotioc@hris.com",
    "email": null,
    "password": "$2y$12$Sm6RisPQAg5.B2E.rEy27.ZgFViIbflZ976Xui2fK9RPOGE7W.O9O",
    "isLoggedIn": 0,
    "token": null,
    "isNew": "0",
    "isToUpdatePassword": 0,
    "last_password_updated": "2026-01-05 07:59:50",
    "isLocked": 0,
    "locked_at": null,
    "login_attempts": 5,
    "created_at": null,
    "updated_at": null
}
[2026-03-10 15:39:11] App\Models\EmployeeAccount UPDATED by [System]: {
    "id": 140,
    "employee_no": "OCS-045",
    "applicant_id": null,
    "email_id": "maricel.bobotioc@hris.com",
    "email": null,
    "password": "$2y$12$Sm6RisPQAg5.B2E.rEy27.ZgFViIbflZ976Xui2fK9RPOGE7W.O9O",
    "isLoggedIn": 0,
    "token": null,
    "isNew": "0",
    "isToUpdatePassword": 0,
    "last_password_updated": "2026-01-05 07:59:50",
    "isLocked": true,
    "locked_at": "2026-03-10T07:39:11.617033Z",
    "login_attempts": 5,
    "created_at": null,
    "updated_at": null
}
[2026-03-10 15:39:12] App\Models\EmployeeAccount UPDATED by [System]: {
    "id": 708,
    "employee_no": "OP-21-210",
    "applicant_id": null,
    "email_id": "chinee.fariscal@hris.com",
    "email": null,
    "password": "$2y$12$.hwHPTh1w4tnm0TWKazSfOj6g3B1A281mz2wT7QhUMTvWXtHIaGO2",
    "isLoggedIn": 0,
    "token": null,
    "isNew": "0",
    "isToUpdatePassword": 0,
    "last_password_updated": "2026-01-02 15:03:47",
    "isLocked": false,
    "locked_at": null,
    "login_attempts": 0,
    "created_at": null,
    "updated_at": null
}
[2026-03-10 15:39:48] App\Models\EmployeeUpdateParents CREATED by [System]: {
    "employee_no": "OCS-597",
    "spouse_surname": null,
    "spouse_firstname": null,
    "spouse_middlename": null,
    "spouse_suffix": null,
    "spouse_occupation": null,
    "spouse_business_name_employer": "OPAPRU ",
    "spouse_business_address": "ORTIGAS CENTER ORTIGAS PASIG CITY",
    "spouse_contact_no": null,
    "father_surname": null,
    "father_firstname": null,
    "father_middlename": null,
    "father_suffix": null,
    "mother_surname": null,
    "mother_firstname": null,
    "mother_middlename": null,
    "updated_at": "2026-03-10 15:39:48",
    "created_at": "2026-03-10 15:39:48",
    "id": 21
}
[2026-03-10 15:40:17] App\Models\EmployeePersonal CREATED by [10 - Maria Cristina Mauricio]: {
    "employee_no": "JO-005",
    "profile": null,
    "firstname": "RONALIZ",
    "middlename": null,
    "lastname": "VILLANUEVA",
    "suffix": null,
    "birthday": null,
    "civil_status": null,
    "sex": "female",
    "citizenship": "filipino",
    "citizenship_type": "by_birth",
    "country": null,
    "birth_certificate": null,
    "marriage_certificate": null,
    "present_address": null,
    "present_province": null,
    "present_city": null,
    "permanent_address": null,
    "permanent_province": null,
    "permanent_city": null,
    "mobile_number": null,
    "tel_no": null,
    "height": null,
    "weight": null,
    "blood_type": null,
    "bp_no": null,
    "gsis_no": null,
    "pagibig_no": null,
    "philhealth_no": null,
    "sss_no": null,
    "tin_no": null,
    "updated_at": "2026-03-10 15:40:17",
    "created_at": "2026-03-10 15:40:17",
    "id": 968
}
[2026-03-10 15:40:17] App\Models\EmployeeAccount CREATED by [10 - Maria Cristina Mauricio]: {
    "employee_no": "JO-005",
    "email_id": "ronaliz.villanueva@peace.gov.ph",
    "email": "ronalizvillanueva27@gmail.com",
    "id": 968
}
[2026-03-10 15:40:35] App\Models\EmployeeAccount UPDATED by [9 - bea milan]: {
    "id": 140,
    "employee_no": "OCS-045",
    "applicant_id": null,
    "email_id": "maricel.bobotioc@hris.com",
    "email": null,
    "password": "$2y$12$Sm6RisPQAg5.B2E.rEy27.ZgFViIbflZ976Xui2fK9RPOGE7W.O9O",
    "isLoggedIn": 0,
    "token": null,
    "isNew": "0",
    "isToUpdatePassword": 0,
    "last_password_updated": "2026-01-05 07:59:50",
    "isLocked": false,
    "locked_at": "2026-03-10 15:39:11",
    "login_attempts": 0,
    "created_at": null,
    "updated_at": null
}
[2026-03-10 15:41:12] App\Models\EmployeeAccount UPDATED by [System]: {
    "id": 20,
    "employee_no": "OP-21-043",
    "applicant_id": null,
    "email_id": "sheryl.burawes@hris.com",
    "email": null,
    "password": "$2y$12$FhX4r7I4HzOGkJHdVm\/nn.h2HwodDfbDgxYVct0Rytg6os\/IslYcq",
    "isLoggedIn": 0,
    "token": null,
    "isNew": "0",
    "isToUpdatePassword": 0,
    "last_password_updated": "2026-01-04 20:54:02",
    "isLocked": false,
    "locked_at": null,
    "login_attempts": 0,
    "created_at": null,
    "updated_at": null
}
[2026-03-10 15:41:28] App\Models\EmployeeAccount UPDATED by [System]: {
    "id": 935,
    "employee_no": "OCS-773",
    "applicant_id": null,
    "email_id": "daisy.jane.love.tumaneng.1@hris.com",
    "email": null,
    "password": "$2y$12$ynCdoai8H0D4DQ.XQqrnN.Ba7iM1eAHfMSNiL0pwNr0.pzHSmsMoa",
    "isLoggedIn": 0,
    "token": null,
    "isNew": "0",
    "isToUpdatePassword": 0,
    "last_password_updated": "2026-01-05 08:43:37",
    "isLocked": 0,
    "locked_at": "2026-03-10 15:36:16",
    "login_attempts": 4,
    "created_at": null,
    "updated_at": null
}
[2026-03-10 15:41:44] App\Models\EmployeeAccount UPDATED by [System]: {
    "id": 935,
    "employee_no": "OCS-773",
    "applicant_id": null,
    "email_id": "daisy.jane.love.tumaneng.1@hris.com",
    "email": null,
    "password": "$2y$12$ynCdoai8H0D4DQ.XQqrnN.Ba7iM1eAHfMSNiL0pwNr0.pzHSmsMoa",
    "isLoggedIn": 0,
    "token": null,
    "isNew": "0",
    "isToUpdatePassword": 0,
    "last_password_updated": "2026-01-05 08:43:37",
    "isLocked": 0,
    "locked_at": "2026-03-10 15:36:16",
    "login_attempts": 5,
    "created_at": null,
    "updated_at": null
}
[2026-03-10 15:41:44] App\Models\EmployeeAccount UPDATED by [System]: {
    "id": 935,
    "employee_no": "OCS-773",
    "applicant_id": null,
    "email_id": "daisy.jane.love.tumaneng.1@hris.com",
    "email": null,
    "password": "$2y$12$ynCdoai8H0D4DQ.XQqrnN.Ba7iM1eAHfMSNiL0pwNr0.pzHSmsMoa",
    "isLoggedIn": 0,
    "token": null,
    "isNew": "0",
    "isToUpdatePassword": 0,
    "last_password_updated": "2026-01-05 08:43:37",
    "isLocked": true,
    "locked_at": "2026-03-10T07:41:44.437851Z",
    "login_attempts": 5,
    "created_at": null,
    "updated_at": null
}
[2026-03-10 15:42:43] App\Models\EmployeeAccount UPDATED by [System]: {
    "id": 140,
    "employee_no": "OCS-045",
    "applicant_id": null,
    "email_id": "maricel.bobotioc@hris.com",
    "email": null,
    "password": "$2y$12$Sm6RisPQAg5.B2E.rEy27.ZgFViIbflZ976Xui2fK9RPOGE7W.O9O",
    "isLoggedIn": 0,
    "token": null,
    "isNew": "0",
    "isToUpdatePassword": 0,
    "last_password_updated": "2026-01-05 07:59:50",
    "isLocked": 0,
    "locked_at": "2026-03-10 15:39:11",
    "login_attempts": 1,
    "created_at": null,
    "updated_at": null
}
[2026-03-10 15:44:03] App\Models\EmployeeAccount UPDATED by [System]: {
    "id": 140,
    "employee_no": "OCS-045",
    "applicant_id": null,
    "email_id": "maricel.bobotioc@hris.com",
    "email": null,
    "password": "$2y$12$Sm6RisPQAg5.B2E.rEy27.ZgFViIbflZ976Xui2fK9RPOGE7W.O9O",
    "isLoggedIn": 0,
    "token": null,
    "isNew": "0",
    "isToUpdatePassword": 0,
    "last_password_updated": "2026-01-05 07:59:50",
    "isLocked": 0,
    "locked_at": "2026-03-10 15:39:11",
    "login_attempts": 2,
    "created_at": null,
    "updated_at": null
}
[2026-03-10 15:44:31] App\Models\EmployeeAccount UPDATED by [System]: {
    "id": 140,
    "employee_no": "OCS-045",
    "applicant_id": null,
    "email_id": "maricel.bobotioc@hris.com",
    "email": null,
    "password": "$2y$12$Sm6RisPQAg5.B2E.rEy27.ZgFViIbflZ976Xui2fK9RPOGE7W.O9O",
    "isLoggedIn": 0,
    "token": null,
    "isNew": "0",
    "isToUpdatePassword": 0,
    "last_password_updated": "2026-01-05 07:59:50",
    "isLocked": 0,
    "locked_at": "2026-03-10 15:39:11",
    "login_attempts": 3,
    "created_at": null,
    "updated_at": null
}
[2026-03-10 15:44:31] App\Models\EmployeeAccount UPDATED by [10 - Maria Cristina Mauricio]: {
    "id": 935,
    "employee_no": "OCS-773",
    "applicant_id": null,
    "email_id": "daisy.jane.love.tumaneng.1@hris.com",
    "email": null,
    "password": "$2y$12$ynCdoai8H0D4DQ.XQqrnN.Ba7iM1eAHfMSNiL0pwNr0.pzHSmsMoa",
    "isLoggedIn": 0,
    "token": null,
    "isNew": "0",
    "isToUpdatePassword": 0,
    "last_password_updated": "2026-01-05 08:43:37",
    "isLocked": false,
    "locked_at": "2026-03-10 15:41:44",
    "login_attempts": 0,
    "created_at": null,
    "updated_at": null
}
[2026-03-10 15:45:34] App\Models\EmployeeAccount UPDATED by [System]: {
    "id": 935,
    "employee_no": "OCS-773",
    "applicant_id": null,
    "email_id": "daisy.jane.love.tumaneng.1@hris.com",
    "email": null,
    "password": "$2y$12$ynCdoai8H0D4DQ.XQqrnN.Ba7iM1eAHfMSNiL0pwNr0.pzHSmsMoa",
    "isLoggedIn": 0,
    "token": null,
    "isNew": "0",
    "isToUpdatePassword": 0,
    "last_password_updated": "2026-01-05 08:43:37",
    "isLocked": 0,
    "locked_at": "2026-03-10 15:41:44",
    "login_attempts": 1,
    "created_at": null,
    "updated_at": null
}
[2026-03-10 15:46:52] App\Models\EmployeeAccount UPDATED by [System]: {
    "id": 15,
    "employee_no": "OP-21-032",
    "applicant_id": null,
    "email_id": "jane.bargo.1@hris.com",
    "email": null,
    "password": "$2y$12$Z4P5jjPg9yFV\/HIRzcrFF.Twj8fLcIH9a3Pku4vK.VqgGxTLBW1Y2",
    "isLoggedIn": 0,
    "token": null,
    "isNew": "1",
    "isToUpdatePassword": 0,
    "last_password_updated": null,
    "isLocked": 0,
    "locked_at": null,
    "login_attempts": 3,
    "created_at": null,
    "updated_at": null
}
[2026-03-10 15:46:59] App\Models\EmployeeAccount UPDATED by [System]: {
    "id": 15,
    "employee_no": "OP-21-032",
    "applicant_id": null,
    "email_id": "jane.bargo.1@hris.com",
    "email": null,
    "password": "$2y$12$Z4P5jjPg9yFV\/HIRzcrFF.Twj8fLcIH9a3Pku4vK.VqgGxTLBW1Y2",
    "isLoggedIn": 0,
    "token": null,
    "isNew": "1",
    "isToUpdatePassword": 0,
    "last_password_updated": null,
    "isLocked": false,
    "locked_at": null,
    "login_attempts": 0,
    "created_at": null,
    "updated_at": null
}
[2026-03-10 15:47:00] App\Models\EmployeeAccount UPDATED by [System]: {
    "id": 15,
    "employee_no": "OP-21-032",
    "applicant_id": null,
    "email_id": "jane.bargo.1@hris.com",
    "email": null,
    "password": "$2y$12$Z4P5jjPg9yFV\/HIRzcrFF.Twj8fLcIH9a3Pku4vK.VqgGxTLBW1Y2",
    "isLoggedIn": 0,
    "token": null,
    "isNew": "1",
    "isToUpdatePassword": 0,
    "last_password_updated": null,
    "isLocked": false,
    "locked_at": null,
    "login_attempts": 0,
    "created_at": null,
    "updated_at": null
}
[2026-03-10 15:47:35] App\Models\EmployeeInformation UPDATED by [10 - Maria Cristina Mauricio]: {
    "id": 875,
    "employee_no": "OP-21-236",
    "bsd_no": "1088",
    "section_id": 8,
    "position_id": 19,
    "job_completion": null,
    "company_name": null,
    "date_hired": "2025-10-10",
    "shift_id": 1,
    "schedule_id": 1,
    "employment_type_id": 1,
    "status": "active",
    "salary_method": null,
    "salary": 53818,
    "step_id": 1,
    "w_tax": "0.00",
    "salary_type": "monthly",
    "payroll_account_number": null,
    "bank_account_no": null,
    "hasDBP": 0,
    "hasUK": 0,
    "hasPagibigLoan": 0,
    "isDeleted": 0,
    "isTransferingEmp": true,
    "date_resignation": null,
    "created_at": "2026-01-04 14:35:11",
    "updated_at": "2026-03-10 15:47:35"
}
[2026-03-10 15:47:53] App\Models\EmployeeAccount UPDATED by [System]: {
    "id": 898,
    "employee_no": "OCS-785",
    "applicant_id": null,
    "email_id": "mark.joseph.tapalla.1@hris.com",
    "email": "mjtapalla2017@gmail.com",
    "password": "$2y$12$v88L2495K7XwjWjtKOhcbeAXfj\/kaBXsAawwvlcqIJauW0\/8b5TcO",
    "isLoggedIn": 0,
    "token": null,
    "isNew": "0",
    "isToUpdatePassword": 0,
    "last_password_updated": "2026-01-13 13:16:05",
    "isLocked": 0,
    "locked_at": null,
    "login_attempts": 1,
    "created_at": null,
    "updated_at": null
}
[2026-03-10 15:48:00] App\Models\EmployeeAccount UPDATED by [System]: {
    "id": 15,
    "employee_no": "OP-21-032",
    "applicant_id": null,
    "email_id": "jane.bargo.1@hris.com",
    "email": null,
    "password": "$2y$12$Z4P5jjPg9yFV\/HIRzcrFF.Twj8fLcIH9a3Pku4vK.VqgGxTLBW1Y2",
    "isLoggedIn": 0,
    "token": null,
    "isNew": "1",
    "isToUpdatePassword": 0,
    "last_password_updated": null,
    "isLocked": false,
    "locked_at": null,
    "login_attempts": 0,
    "created_at": null,
    "updated_at": null
}
[2026-03-10 15:48:17] App\Models\EmployeeAccount UPDATED by [System]: {
    "id": 925,
    "employee_no": "OCS-795",
    "applicant_id": null,
    "email_id": "rosalie.reyes-brioso.1@hris.com",
    "email": null,
    "password": "$2y$12$D7w4YCVZQ2C.8Ns7j3Mz\/.08SzsmgwG1O6qIpH7Bj8GI9KzyDOxCy",
    "isLoggedIn": 0,
    "token": null,
    "isNew": "1",
    "isToUpdatePassword": 0,
    "last_password_updated": null,
    "isLocked": false,
    "locked_at": null,
    "login_attempts": 0,
    "created_at": null,
    "updated_at": null
}
[2026-03-10 15:48:20] App\Models\EmployeeAccount UPDATED by [System]: {
    "id": 873,
    "employee_no": "OP-21-236",
    "applicant_id": null,
    "email_id": "sheena.mae.ramirez@hris.com",
    "email": null,
    "password": "$2y$12$NjP5VnKnsgW5STDG.2noB.muIVLWgyt\/aG9NW.UTyx9s7R\/RxMwyG",
    "isLoggedIn": 0,
    "token": null,
    "isNew": "0",
    "isToUpdatePassword": 0,
    "last_password_updated": "2026-01-05 07:46:00",
    "isLocked": 0,
    "locked_at": null,
    "login_attempts": 1,
    "created_at": null,
    "updated_at": null
}
[2026-03-10 15:48:34] App\Models\EmployeeAccount UPDATED by [System]: {
    "id": 15,
    "employee_no": "OP-21-032",
    "applicant_id": null,
    "email_id": "jane.bargo.1@hris.com",
    "email": null,
    "password": "$2y$12$Z4P5jjPg9yFV\/HIRzcrFF.Twj8fLcIH9a3Pku4vK.VqgGxTLBW1Y2",
    "isLoggedIn": 0,
    "token": null,
    "isNew": "1",
    "isToUpdatePassword": 0,
    "last_password_updated": null,
    "isLocked": false,
    "locked_at": null,
    "login_attempts": 0,
    "created_at": null,
    "updated_at": null
}
[2026-03-10 15:48:36] App\Models\EmployeeAccount UPDATED by [System]: {
    "id": 15,
    "employee_no": "OP-21-032",
    "applicant_id": null,
    "email_id": "jane.bargo.1@hris.com",
    "email": null,
    "password": "$2y$12$Z4P5jjPg9yFV\/HIRzcrFF.Twj8fLcIH9a3Pku4vK.VqgGxTLBW1Y2",
    "isLoggedIn": 0,
    "token": null,
    "isNew": "1",
    "isToUpdatePassword": 0,
    "last_password_updated": null,
    "isLocked": false,
    "locked_at": null,
    "login_attempts": 0,
    "created_at": null,
    "updated_at": null
}
[2026-03-10 15:48:52] App\Models\EmployeeAccount UPDATED by [System]: {
    "id": 925,
    "employee_no": "OCS-795",
    "applicant_id": null,
    "email_id": "rosalie.reyes-brioso.1@hris.com",
    "email": null,
    "password": "$2y$12$N.WQq2YOkhlOAXkbjG9Gbu6r7zyT9nMmSxJlktfHguMVKv4E8INv.",
    "isLoggedIn": 0,
    "token": null,
    "isNew": false,
    "isToUpdatePassword": false,
    "last_password_updated": "2026-03-10T07:48:52.229307Z",
    "isLocked": 0,
    "locked_at": null,
    "login_attempts": 0,
    "created_at": null,
    "updated_at": null
}
[2026-03-10 15:49:21] App\Models\EmployeeAccount UPDATED by [System]: {
    "id": 873,
    "employee_no": "OP-21-236",
    "applicant_id": null,
    "email_id": "sheena.mae.ramirez@hris.com",
    "email": null,
    "password": "$2y$12$NjP5VnKnsgW5STDG.2noB.muIVLWgyt\/aG9NW.UTyx9s7R\/RxMwyG",
    "isLoggedIn": 0,
    "token": null,
    "isNew": "0",
    "isToUpdatePassword": 0,
    "last_password_updated": "2026-01-05 07:46:00",
    "isLocked": 0,
    "locked_at": null,
    "login_attempts": 2,
    "created_at": null,
    "updated_at": null
}
[2026-03-10 15:49:32] App\Models\EmployeeAccount UPDATED by [System]: {
    "id": 15,
    "employee_no": "OP-21-032",
    "applicant_id": null,
    "email_id": "jane.bargo.1@hris.com",
    "email": null,
    "password": "$2y$12$Z4P5jjPg9yFV\/HIRzcrFF.Twj8fLcIH9a3Pku4vK.VqgGxTLBW1Y2",
    "isLoggedIn": 0,
    "token": null,
    "isNew": "1",
    "isToUpdatePassword": 0,
    "last_password_updated": null,
    "isLocked": false,
    "locked_at": null,
    "login_attempts": 0,
    "created_at": null,
    "updated_at": null
}
[2026-03-10 15:49:32] App\Models\EmployeeAccount UPDATED by [System]: {
    "id": 873,
    "employee_no": "OP-21-236",
    "applicant_id": null,
    "email_id": "sheena.mae.ramirez@hris.com",
    "email": null,
    "password": "$2y$12$NjP5VnKnsgW5STDG.2noB.muIVLWgyt\/aG9NW.UTyx9s7R\/RxMwyG",
    "isLoggedIn": 0,
    "token": null,
    "isNew": "0",
    "isToUpdatePassword": 0,
    "last_password_updated": "2026-01-05 07:46:00",
    "isLocked": false,
    "locked_at": null,
    "login_attempts": 0,
    "created_at": null,
    "updated_at": null
}
[2026-03-10 15:49:33] App\Models\EmployeeAccount UPDATED by [System]: {
    "id": 15,
    "employee_no": "OP-21-032",
    "applicant_id": null,
    "email_id": "jane.bargo.1@hris.com",
    "email": null,
    "password": "$2y$12$Z4P5jjPg9yFV\/HIRzcrFF.Twj8fLcIH9a3Pku4vK.VqgGxTLBW1Y2",
    "isLoggedIn": 0,
    "token": null,
    "isNew": "1",
    "isToUpdatePassword": 0,
    "last_password_updated": null,
    "isLocked": false,
    "locked_at": null,
    "login_attempts": 0,
    "created_at": null,
    "updated_at": null
}
[2026-03-10 15:49:34] App\Models\EmployeeAccount UPDATED by [System]: {
    "id": 15,
    "employee_no": "OP-21-032",
    "applicant_id": null,
    "email_id": "jane.bargo.1@hris.com",
    "email": null,
    "password": "$2y$12$Z4P5jjPg9yFV\/HIRzcrFF.Twj8fLcIH9a3Pku4vK.VqgGxTLBW1Y2",
    "isLoggedIn": 0,
    "token": null,
    "isNew": "1",
    "isToUpdatePassword": 0,
    "last_password_updated": null,
    "isLocked": false,
    "locked_at": null,
    "login_attempts": 0,
    "created_at": null,
    "updated_at": null
}
[2026-03-10 15:49:35] App\Models\EmployeeAccount UPDATED by [System]: {
    "id": 15,
    "employee_no": "OP-21-032",
    "applicant_id": null,
    "email_id": "jane.bargo.1@hris.com",
    "email": null,
    "password": "$2y$12$Z4P5jjPg9yFV\/HIRzcrFF.Twj8fLcIH9a3Pku4vK.VqgGxTLBW1Y2",
    "isLoggedIn": 0,
    "token": null,
    "isNew": "1",
    "isToUpdatePassword": 0,
    "last_password_updated": null,
    "isLocked": false,
    "locked_at": null,
    "login_attempts": 0,
    "created_at": null,
    "updated_at": null
}
[2026-03-10 15:49:41] App\Models\EmployeeAccount UPDATED by [System]: {
    "id": 15,
    "employee_no": "OP-21-032",
    "applicant_id": null,
    "email_id": "jane.bargo.1@hris.com",
    "email": null,
    "password": "$2y$12$Z4P5jjPg9yFV\/HIRzcrFF.Twj8fLcIH9a3Pku4vK.VqgGxTLBW1Y2",
    "isLoggedIn": 0,
    "token": null,
    "isNew": "1",
    "isToUpdatePassword": 0,
    "last_password_updated": null,
    "isLocked": false,
    "locked_at": null,
    "login_attempts": 0,
    "created_at": null,
    "updated_at": null
}
[2026-03-10 15:49:43] App\Models\EmployeeAccount UPDATED by [System]: {
    "id": 15,
    "employee_no": "OP-21-032",
    "applicant_id": null,
    "email_id": "jane.bargo.1@hris.com",
    "email": null,
    "password": "$2y$12$Z4P5jjPg9yFV\/HIRzcrFF.Twj8fLcIH9a3Pku4vK.VqgGxTLBW1Y2",
    "isLoggedIn": 0,
    "token": null,
    "isNew": "1",
    "isToUpdatePassword": 0,
    "last_password_updated": null,
    "isLocked": false,
    "locked_at": null,
    "login_attempts": 0,
    "created_at": null,
    "updated_at": null
}
[2026-03-10 15:49:43] App\Models\EmployeeAccount UPDATED by [System]: {
    "id": 15,
    "employee_no": "OP-21-032",
    "applicant_id": null,
    "email_id": "jane.bargo.1@hris.com",
    "email": null,
    "password": "$2y$12$Z4P5jjPg9yFV\/HIRzcrFF.Twj8fLcIH9a3Pku4vK.VqgGxTLBW1Y2",
    "isLoggedIn": 0,
    "token": null,
    "isNew": "1",
    "isToUpdatePassword": 0,
    "last_password_updated": null,
    "isLocked": false,
    "locked_at": null,
    "login_attempts": 0,
    "created_at": null,
    "updated_at": null
}
[2026-03-10 15:50:03] App\Models\EmployeeAccount UPDATED by [System]: {
    "id": 935,
    "employee_no": "OCS-773",
    "applicant_id": null,
    "email_id": "daisy.jane.love.tumaneng.1@hris.com",
    "email": null,
    "password": "$2y$12$ynCdoai8H0D4DQ.XQqrnN.Ba7iM1eAHfMSNiL0pwNr0.pzHSmsMoa",
    "isLoggedIn": 0,
    "token": null,
    "isNew": "0",
    "isToUpdatePassword": 0,
    "last_password_updated": "2026-01-05 08:43:37",
    "isLocked": 0,
    "locked_at": "2026-03-10 15:41:44",
    "login_attempts": 2,
    "created_at": null,
    "updated_at": null
}
[2026-03-10 15:50:09] App\Models\EmployeeAccount UPDATED by [System]: {
    "id": 15,
    "employee_no": "OP-21-032",
    "applicant_id": null,
    "email_id": "jane.bargo.1@hris.com",
    "email": null,
    "password": "$2y$12$Z4P5jjPg9yFV\/HIRzcrFF.Twj8fLcIH9a3Pku4vK.VqgGxTLBW1Y2",
    "isLoggedIn": 0,
    "token": null,
    "isNew": "1",
    "isToUpdatePassword": 0,
    "last_password_updated": null,
    "isLocked": false,
    "locked_at": null,
    "login_attempts": 0,
    "created_at": null,
    "updated_at": null
}
[2026-03-10 15:50:10] App\Models\EmployeeAccount UPDATED by [System]: {
    "id": 15,
    "employee_no": "OP-21-032",
    "applicant_id": null,
    "email_id": "jane.bargo.1@hris.com",
    "email": null,
    "password": "$2y$12$Z4P5jjPg9yFV\/HIRzcrFF.Twj8fLcIH9a3Pku4vK.VqgGxTLBW1Y2",
    "isLoggedIn": 0,
    "token": null,
    "isNew": "1",
    "isToUpdatePassword": 0,
    "last_password_updated": null,
    "isLocked": false,
    "locked_at": null,
    "login_attempts": 0,
    "created_at": null,
    "updated_at": null
}
[2026-03-10 15:50:11] App\Models\EmployeeAccount UPDATED by [System]: {
    "id": 15,
    "employee_no": "OP-21-032",
    "applicant_id": null,
    "email_id": "jane.bargo.1@hris.com",
    "email": null,
    "password": "$2y$12$Z4P5jjPg9yFV\/HIRzcrFF.Twj8fLcIH9a3Pku4vK.VqgGxTLBW1Y2",
    "isLoggedIn": 0,
    "token": null,
    "isNew": "1",
    "isToUpdatePassword": 0,
    "last_password_updated": null,
    "isLocked": false,
    "locked_at": null,
    "login_attempts": 0,
    "created_at": null,
    "updated_at": null
}
[2026-03-10 15:50:13] App\Models\EmployeeAccount UPDATED by [System]: {
    "id": 935,
    "employee_no": "OCS-773",
    "applicant_id": null,
    "email_id": "daisy.jane.love.tumaneng.1@hris.com",
    "email": null,
    "password": "$2y$12$ynCdoai8H0D4DQ.XQqrnN.Ba7iM1eAHfMSNiL0pwNr0.pzHSmsMoa",
    "isLoggedIn": 0,
    "token": null,
    "isNew": "0",
    "isToUpdatePassword": 0,
    "last_password_updated": "2026-01-05 08:43:37",
    "isLocked": 0,
    "locked_at": "2026-03-10 15:41:44",
    "login_attempts": 3,
    "created_at": null,
    "updated_at": null
}
[2026-03-10 15:50:20] App\Models\EmployeeAccount UPDATED by [System]: {
    "id": 935,
    "employee_no": "OCS-773",
    "applicant_id": null,
    "email_id": "daisy.jane.love.tumaneng.1@hris.com",
    "email": null,
    "password": "$2y$12$ynCdoai8H0D4DQ.XQqrnN.Ba7iM1eAHfMSNiL0pwNr0.pzHSmsMoa",
    "isLoggedIn": 0,
    "token": null,
    "isNew": "0",
    "isToUpdatePassword": 0,
    "last_password_updated": "2026-01-05 08:43:37",
    "isLocked": 0,
    "locked_at": "2026-03-10 15:41:44",
    "login_attempts": 4,
    "created_at": null,
    "updated_at": null
}
[2026-03-10 15:50:26] App\Models\EmployeeAccount UPDATED by [System]: {
    "id": 935,
    "employee_no": "OCS-773",
    "applicant_id": null,
    "email_id": "daisy.jane.love.tumaneng.1@hris.com",
    "email": null,
    "password": "$2y$12$ynCdoai8H0D4DQ.XQqrnN.Ba7iM1eAHfMSNiL0pwNr0.pzHSmsMoa",
    "isLoggedIn": 0,
    "token": null,
    "isNew": "0",
    "isToUpdatePassword": 0,
    "last_password_updated": "2026-01-05 08:43:37",
    "isLocked": 0,
    "locked_at": "2026-03-10 15:41:44",
    "login_attempts": 5,
    "created_at": null,
    "updated_at": null
}
[2026-03-10 15:50:26] App\Models\EmployeeAccount UPDATED by [System]: {
    "id": 935,
    "employee_no": "OCS-773",
    "applicant_id": null,
    "email_id": "daisy.jane.love.tumaneng.1@hris.com",
    "email": null,
    "password": "$2y$12$ynCdoai8H0D4DQ.XQqrnN.Ba7iM1eAHfMSNiL0pwNr0.pzHSmsMoa",
    "isLoggedIn": 0,
    "token": null,
    "isNew": "0",
    "isToUpdatePassword": 0,
    "last_password_updated": "2026-01-05 08:43:37",
    "isLocked": true,
    "locked_at": "2026-03-10T07:50:26.073161Z",
    "login_attempts": 5,
    "created_at": null,
    "updated_at": null
}
[2026-03-10 15:50:49] App\Models\EmployeeAccount UPDATED by [10 - Maria Cristina Mauricio]: {
    "id": 935,
    "employee_no": "OCS-773",
    "applicant_id": null,
    "email_id": "daisy.jane.love.tumaneng.1@hris.com",
    "email": null,
    "password": "$2y$12$ynCdoai8H0D4DQ.XQqrnN.Ba7iM1eAHfMSNiL0pwNr0.pzHSmsMoa",
    "isLoggedIn": 0,
    "token": null,
    "isNew": "0",
    "isToUpdatePassword": 0,
    "last_password_updated": "2026-01-05 08:43:37",
    "isLocked": false,
    "locked_at": "2026-03-10 15:50:26",
    "login_attempts": 0,
    "created_at": null,
    "updated_at": null
}
[2026-03-10 15:50:54] App\Models\EmployeeAccount UPDATED by [System]: {
    "id": 15,
    "employee_no": "OP-21-032",
    "applicant_id": null,
    "email_id": "jane.bargo.1@hris.com",
    "email": null,
    "password": "$2y$12$Z4P5jjPg9yFV\/HIRzcrFF.Twj8fLcIH9a3Pku4vK.VqgGxTLBW1Y2",
    "isLoggedIn": 0,
    "token": null,
    "isNew": "1",
    "isToUpdatePassword": 0,
    "last_password_updated": null,
    "isLocked": false,
    "locked_at": null,
    "login_attempts": 0,
    "created_at": null,
    "updated_at": null
}
[2026-03-10 15:50:54] App\Models\EmployeeAccount UPDATED by [System]: {
    "id": 15,
    "employee_no": "OP-21-032",
    "applicant_id": null,
    "email_id": "jane.bargo.1@hris.com",
    "email": null,
    "password": "$2y$12$Z4P5jjPg9yFV\/HIRzcrFF.Twj8fLcIH9a3Pku4vK.VqgGxTLBW1Y2",
    "isLoggedIn": 0,
    "token": null,
    "isNew": "1",
    "isToUpdatePassword": 0,
    "last_password_updated": null,
    "isLocked": false,
    "locked_at": null,
    "login_attempts": 0,
    "created_at": null,
    "updated_at": null
}
[2026-03-10 15:50:56] App\Models\EmployeeAccount UPDATED by [System]: {
    "id": 15,
    "employee_no": "OP-21-032",
    "applicant_id": null,
    "email_id": "jane.bargo.1@hris.com",
    "email": null,
    "password": "$2y$12$Z4P5jjPg9yFV\/HIRzcrFF.Twj8fLcIH9a3Pku4vK.VqgGxTLBW1Y2",
    "isLoggedIn": 0,
    "token": null,
    "isNew": "1",
    "isToUpdatePassword": 0,
    "last_password_updated": null,
    "isLocked": 0,
    "locked_at": null,
    "login_attempts": 1,
    "created_at": null,
    "updated_at": null
}
[2026-03-10 15:50:56] App\Models\EmployeeAccount UPDATED by [System]: {
    "id": 15,
    "employee_no": "OP-21-032",
    "applicant_id": null,
    "email_id": "jane.bargo.1@hris.com",
    "email": null,
    "password": "$2y$12$Z4P5jjPg9yFV\/HIRzcrFF.Twj8fLcIH9a3Pku4vK.VqgGxTLBW1Y2",
    "isLoggedIn": 0,
    "token": null,
    "isNew": "1",
    "isToUpdatePassword": 0,
    "last_password_updated": null,
    "isLocked": 0,
    "locked_at": null,
    "login_attempts": 1,
    "created_at": null,
    "updated_at": null
}
[2026-03-10 15:50:57] App\Models\EmployeeAccount UPDATED by [System]: {
    "id": 15,
    "employee_no": "OP-21-032",
    "applicant_id": null,
    "email_id": "jane.bargo.1@hris.com",
    "email": null,
    "password": "$2y$12$Z4P5jjPg9yFV\/HIRzcrFF.Twj8fLcIH9a3Pku4vK.VqgGxTLBW1Y2",
    "isLoggedIn": 0,
    "token": null,
    "isNew": "1",
    "isToUpdatePassword": 0,
    "last_password_updated": null,
    "isLocked": 0,
    "locked_at": null,
    "login_attempts": 2,
    "created_at": null,
    "updated_at": null
}
[2026-03-10 15:50:57] App\Models\EmployeeAccount UPDATED by [System]: {
    "id": 15,
    "employee_no": "OP-21-032",
    "applicant_id": null,
    "email_id": "jane.bargo.1@hris.com",
    "email": null,
    "password": "$2y$12$Z4P5jjPg9yFV\/HIRzcrFF.Twj8fLcIH9a3Pku4vK.VqgGxTLBW1Y2",
    "isLoggedIn": 0,
    "token": null,
    "isNew": "1",
    "isToUpdatePassword": 0,
    "last_password_updated": null,
    "isLocked": 0,
    "locked_at": null,
    "login_attempts": 2,
    "created_at": null,
    "updated_at": null
}
[2026-03-10 15:50:57] App\Models\EmployeeAccount UPDATED by [System]: {
    "id": 15,
    "employee_no": "OP-21-032",
    "applicant_id": null,
    "email_id": "jane.bargo.1@hris.com",
    "email": null,
    "password": "$2y$12$Z4P5jjPg9yFV\/HIRzcrFF.Twj8fLcIH9a3Pku4vK.VqgGxTLBW1Y2",
    "isLoggedIn": 0,
    "token": null,
    "isNew": "1",
    "isToUpdatePassword": 0,
    "last_password_updated": null,
    "isLocked": 0,
    "locked_at": null,
    "login_attempts": 3,
    "created_at": null,
    "updated_at": null
}
[2026-03-10 15:50:57] App\Models\EmployeeAccount UPDATED by [System]: {
    "id": 15,
    "employee_no": "OP-21-032",
    "applicant_id": null,
    "email_id": "jane.bargo.1@hris.com",
    "email": null,
    "password": "$2y$12$Z4P5jjPg9yFV\/HIRzcrFF.Twj8fLcIH9a3Pku4vK.VqgGxTLBW1Y2",
    "isLoggedIn": 0,
    "token": null,
    "isNew": "1",
    "isToUpdatePassword": 0,
    "last_password_updated": null,
    "isLocked": 0,
    "locked_at": null,
    "login_attempts": 3,
    "created_at": null,
    "updated_at": null
}
[2026-03-10 15:51:14] App\Models\EmployeeAccount UPDATED by [System]: {
    "id": 15,
    "employee_no": "OP-21-032",
    "applicant_id": null,
    "email_id": "jane.bargo.1@hris.com",
    "email": null,
    "password": "$2y$12$Z4P5jjPg9yFV\/HIRzcrFF.Twj8fLcIH9a3Pku4vK.VqgGxTLBW1Y2",
    "isLoggedIn": 0,
    "token": null,
    "isNew": "1",
    "isToUpdatePassword": 0,
    "last_password_updated": null,
    "isLocked": 0,
    "locked_at": null,
    "login_attempts": 7,
    "created_at": null,
    "updated_at": null
}
[2026-03-10 15:51:14] App\Models\EmployeeAccount UPDATED by [System]: {
    "id": 15,
    "employee_no": "OP-21-032",
    "applicant_id": null,
    "email_id": "jane.bargo.1@hris.com",
    "email": null,
    "password": "$2y$12$Z4P5jjPg9yFV\/HIRzcrFF.Twj8fLcIH9a3Pku4vK.VqgGxTLBW1Y2",
    "isLoggedIn": 0,
    "token": null,
    "isNew": "1",
    "isToUpdatePassword": 0,
    "last_password_updated": null,
    "isLocked": true,
    "locked_at": "2026-03-10T07:51:14.910046Z",
    "login_attempts": 7,
    "created_at": null,
    "updated_at": null
}
[2026-03-10 15:51:15] App\Models\EmployeeAccount UPDATED by [System]: {
    "id": 935,
    "employee_no": "OCS-773",
    "applicant_id": null,
    "email_id": "daisy.jane.love.tumaneng.1@hris.com",
    "email": null,
    "password": "$2y$12$ynCdoai8H0D4DQ.XQqrnN.Ba7iM1eAHfMSNiL0pwNr0.pzHSmsMoa",
    "isLoggedIn": 0,
    "token": null,
    "isNew": "0",
    "isToUpdatePassword": 0,
    "last_password_updated": "2026-01-05 08:43:37",
    "isLocked": 0,
    "locked_at": "2026-03-10 15:50:26",
    "login_attempts": 1,
    "created_at": null,
    "updated_at": null
}
[2026-03-10 15:51:37] App\Models\EmployeeAccount UPDATED by [System]: {
    "id": 935,
    "employee_no": "OCS-773",
    "applicant_id": null,
    "email_id": "daisy.jane.love.tumaneng.1@hris.com",
    "email": null,
    "password": "$2y$12$ynCdoai8H0D4DQ.XQqrnN.Ba7iM1eAHfMSNiL0pwNr0.pzHSmsMoa",
    "isLoggedIn": 0,
    "token": null,
    "isNew": "0",
    "isToUpdatePassword": 0,
    "last_password_updated": "2026-01-05 08:43:37",
    "isLocked": 0,
    "locked_at": "2026-03-10 15:50:26",
    "login_attempts": 2,
    "created_at": null,
    "updated_at": null
}
[2026-03-10 15:51:46] App\Models\EmployeeAccount UPDATED by [System]: {
    "id": 935,
    "employee_no": "OCS-773",
    "applicant_id": null,
    "email_id": "daisy.jane.love.tumaneng.1@hris.com",
    "email": null,
    "password": "$2y$12$ynCdoai8H0D4DQ.XQqrnN.Ba7iM1eAHfMSNiL0pwNr0.pzHSmsMoa",
    "isLoggedIn": 0,
    "token": null,
    "isNew": "0",
    "isToUpdatePassword": 0,
    "last_password_updated": "2026-01-05 08:43:37",
    "isLocked": 0,
    "locked_at": "2026-03-10 15:50:26",
    "login_attempts": 3,
    "created_at": null,
    "updated_at": null
}
[2026-03-10 15:53:38] App\Models\EmployeeAccount UPDATED by [System]: {
    "id": 935,
    "employee_no": "OCS-773",
    "applicant_id": null,
    "email_id": "daisy.jane.love.tumaneng.1@hris.com",
    "email": null,
    "password": "$2y$12$ynCdoai8H0D4DQ.XQqrnN.Ba7iM1eAHfMSNiL0pwNr0.pzHSmsMoa",
    "isLoggedIn": 0,
    "token": null,
    "isNew": "0",
    "isToUpdatePassword": 0,
    "last_password_updated": "2026-01-05 08:43:37",
    "isLocked": 0,
    "locked_at": "2026-03-10 15:50:26",
    "login_attempts": 4,
    "created_at": null,
    "updated_at": null
}
[2026-03-10 15:54:13] App\Models\EmployeeAccount UPDATED by [System]: {
    "id": 39,
    "employee_no": "OP-21-084",
    "applicant_id": null,
    "email_id": "ronald.ignacio@hris.com",
    "email": null,
    "password": "$2y$12$4IcTKVTll4JTQcF\/Kbro4uxbQy94DcRWkQujDZWS\/VvgrHaH8L7y.",
    "isLoggedIn": 0,
    "token": null,
    "isNew": "1",
    "isToUpdatePassword": 0,
    "last_password_updated": null,
    "isLocked": 0,
    "locked_at": null,
    "login_attempts": 1,
    "created_at": null,
    "updated_at": null
}
[2026-03-10 15:54:18] App\Models\EmployeeAccount UPDATED by [10 - Maria Cristina Mauricio]: {
    "id": 938,
    "employee_no": "OCS-794",
    "applicant_id": null,
    "email_id": "maria.cristina.mauricio.1@hris.com",
    "email": "cristina.mauricio@peace.gov.ph",
    "password": "$2y$12$5AD6QOcS\/hv\/T2hxOVAEIuGSmJ5PxsxJWpbi5Z.gSPg27BFLSZ\/aS",
    "isLoggedIn": 0,
    "token": null,
    "isNew": "0",
    "isToUpdatePassword": 0,
    "last_password_updated": "2026-01-05 05:04:57",
    "isLocked": false,
    "locked_at": null,
    "login_attempts": 0,
    "created_at": null,
    "updated_at": null
}
[2026-03-10 15:54:58] App\Models\EmployeeAccount UPDATED by [9 - bea milan]: {
    "id": 831,
    "employee_no": "OP-21-226",
    "applicant_id": null,
    "email_id": "bea.milan.clerigo@hris.com",
    "email": "bmc.hrms.opapru@gmail.com",
    "password": "$2y$12$mKV6uVOfCUKD4BWWeP17hutQPJmb\/2n4ZsdWD2Wv6ZwHCgWvwF3wC",
    "isLoggedIn": 0,
    "token": null,
    "isNew": "0",
    "isToUpdatePassword": 0,
    "last_password_updated": "2025-08-06 13:44:31",
    "isLocked": false,
    "locked_at": null,
    "login_attempts": 0,
    "created_at": null,
    "updated_at": null
}
[2026-03-10 15:55:03] App\Models\EmployeeAccount UPDATED by [System]: {
    "id": 935,
    "employee_no": "OCS-773",
    "applicant_id": null,
    "email_id": "daisy.jane.love.tumaneng.1@hris.com",
    "email": null,
    "password": "$2y$12$ynCdoai8H0D4DQ.XQqrnN.Ba7iM1eAHfMSNiL0pwNr0.pzHSmsMoa",
    "isLoggedIn": 0,
    "token": null,
    "isNew": "0",
    "isToUpdatePassword": 0,
    "last_password_updated": "2026-01-05 08:43:37",
    "isLocked": 0,
    "locked_at": "2026-03-10 15:50:26",
    "login_attempts": 5,
    "created_at": null,
    "updated_at": null
}
[2026-03-10 15:55:03] App\Models\EmployeeAccount UPDATED by [System]: {
    "id": 935,
    "employee_no": "OCS-773",
    "applicant_id": null,
    "email_id": "daisy.jane.love.tumaneng.1@hris.com",
    "email": null,
    "password": "$2y$12$ynCdoai8H0D4DQ.XQqrnN.Ba7iM1eAHfMSNiL0pwNr0.pzHSmsMoa",
    "isLoggedIn": 0,
    "token": null,
    "isNew": "0",
    "isToUpdatePassword": 0,
    "last_password_updated": "2026-01-05 08:43:37",
    "isLocked": true,
    "locked_at": "2026-03-10T07:55:03.185822Z",
    "login_attempts": 5,
    "created_at": null,
    "updated_at": null
}
[2026-03-10 15:55:10] App\Models\EmployeeAccount UPDATED by [System]: {
    "id": 39,
    "employee_no": "OP-21-084",
    "applicant_id": null,
    "email_id": "ronald.ignacio@hris.com",
    "email": null,
    "password": "$2y$12$4IcTKVTll4JTQcF\/Kbro4uxbQy94DcRWkQujDZWS\/VvgrHaH8L7y.",
    "isLoggedIn": 0,
    "token": null,
    "isNew": "1",
    "isToUpdatePassword": 0,
    "last_password_updated": null,
    "isLocked": false,
    "locked_at": null,
    "login_attempts": 0,
    "created_at": null,
    "updated_at": null
}
[2026-03-10 15:55:59] App\Models\EmployeeAccount UPDATED by [System]: {
    "id": 742,
    "employee_no": "OCS-585",
    "applicant_id": null,
    "email_id": "rhodora.romano@hris.com",
    "email": null,
    "password": "$2y$12$kjoyU1OKk1fCoZ3v5LMt7e5.Uuu1rq2bVuXbifc8cRBkRNZdFk.Uu",
    "isLoggedIn": 0,
    "token": null,
    "isNew": "0",
    "isToUpdatePassword": 0,
    "last_password_updated": "2026-01-03 13:01:15",
    "isLocked": false,
    "locked_at": null,
    "login_attempts": 0,
    "created_at": null,
    "updated_at": null
}
[2026-03-10 15:57:03] App\Models\EmployeeAccount UPDATED by [System]: {
    "id": 39,
    "employee_no": "OP-21-084",
    "applicant_id": null,
    "email_id": "ronald.ignacio@hris.com",
    "email": null,
    "password": "$2y$12$QkNxPmg0bA8p01u9.jMDI.9bnSuFkzFYAaphw\/MTWW2mA2\/fbJj3q",
    "isLoggedIn": 0,
    "token": null,
    "isNew": false,
    "isToUpdatePassword": false,
    "last_password_updated": "2026-03-10T07:57:03.641817Z",
    "isLocked": 0,
    "locked_at": null,
    "login_attempts": 0,
    "created_at": null,
    "updated_at": null
}
[2026-03-10 15:57:38] App\Models\EmployeeAccount UPDATED by [System]: {
    "id": 140,
    "employee_no": "OCS-045",
    "applicant_id": null,
    "email_id": "maricel.bobotioc@hris.com",
    "email": null,
    "password": "$2y$12$Sm6RisPQAg5.B2E.rEy27.ZgFViIbflZ976Xui2fK9RPOGE7W.O9O",
    "isLoggedIn": 0,
    "token": null,
    "isNew": "0",
    "isToUpdatePassword": 0,
    "last_password_updated": "2026-01-05 07:59:50",
    "isLocked": 0,
    "locked_at": "2026-03-10 15:39:11",
    "login_attempts": 4,
    "created_at": null,
    "updated_at": null
}
[2026-03-10 15:58:22] App\Models\EmployeeAccount UPDATED by [System]: {
    "id": 96,
    "employee_no": "OP-21-058",
    "applicant_id": null,
    "email_id": "cesar.clement.dalisay@hris.com",
    "email": null,
    "password": "$2y$12$usjADfNURx7BQE15tF43rOnSMBER2eNVdnD3zHIuJobI6l.lNOQGi",
    "isLoggedIn": 0,
    "token": null,
    "isNew": "1",
    "isToUpdatePassword": 0,
    "last_password_updated": null,
    "isLocked": false,
    "locked_at": null,
    "login_attempts": 0,
    "created_at": null,
    "updated_at": null
}
[2026-03-10 15:58:38] App\Models\EmployeeAccount UPDATED by [System]: {
    "id": 96,
    "employee_no": "OP-21-058",
    "applicant_id": null,
    "email_id": "cesar.clement.dalisay@hris.com",
    "email": null,
    "password": "$2y$12$nxLym\/YDzfkk\/Cxy.jl1uObC.K.d9ORPQJjN7.Xurjxjpq0j8pjF.",
    "isLoggedIn": 0,
    "token": null,
    "isNew": false,
    "isToUpdatePassword": false,
    "last_password_updated": "2026-03-10T07:58:38.924086Z",
    "isLocked": 0,
    "locked_at": null,
    "login_attempts": 0,
    "created_at": null,
    "updated_at": null
}
[2026-03-10 15:58:43] App\Models\EmployeeAccount UPDATED by [System]: {
    "id": 39,
    "employee_no": "OP-21-084",
    "applicant_id": null,
    "email_id": "ronald.ignacio@hris.com",
    "email": null,
    "password": "$2y$12$QkNxPmg0bA8p01u9.jMDI.9bnSuFkzFYAaphw\/MTWW2mA2\/fbJj3q",
    "isLoggedIn": 0,
    "token": null,
    "isNew": "0",
    "isToUpdatePassword": 0,
    "last_password_updated": "2026-03-10 15:57:03",
    "isLocked": false,
    "locked_at": null,
    "login_attempts": 0,
    "created_at": null,
    "updated_at": null
}
[2026-03-10 16:00:33] App\Models\EmployeeAccount UPDATED by [System]: {
    "id": 813,
    "employee_no": "OCS-659",
    "applicant_id": null,
    "email_id": "katheryn.baes@hris.com",
    "email": null,
    "password": "$2y$12$WWqXAVxZWluBWPMsLC3W6uhiICbmU85d1Y1X5t9xBPE5WFebk1MVi",
    "isLoggedIn": 0,
    "token": null,
    "isNew": "0",
    "isToUpdatePassword": 0,
    "last_password_updated": "2026-01-02 22:13:19",
    "isLocked": 0,
    "locked_at": null,
    "login_attempts": 1,
    "created_at": null,
    "updated_at": null
}
[2026-03-10 16:01:25] App\Models\EmployeeAccount UPDATED by [System]: {
    "id": 813,
    "employee_no": "OCS-659",
    "applicant_id": null,
    "email_id": "katheryn.baes@hris.com",
    "email": null,
    "password": "$2y$12$WWqXAVxZWluBWPMsLC3W6uhiICbmU85d1Y1X5t9xBPE5WFebk1MVi",
    "isLoggedIn": 0,
    "token": null,
    "isNew": "0",
    "isToUpdatePassword": 0,
    "last_password_updated": "2026-01-02 22:13:19",
    "isLocked": 0,
    "locked_at": null,
    "login_attempts": 2,
    "created_at": null,
    "updated_at": null
}
[2026-03-10 16:02:51] App\Models\EmployeeAccount UPDATED by [System]: {
    "id": 63,
    "employee_no": "OP-21-127",
    "applicant_id": null,
    "email_id": "ligaya.mora@hris.com",
    "email": null,
    "password": "$2y$12$EFZOWAfAXjrC0pOSEPY4pe4TBlVOIEG\/QYbNstJo44N0T.G5tUHz6",
    "isLoggedIn": 0,
    "token": null,
    "isNew": "0",
    "isToUpdatePassword": 0,
    "last_password_updated": "2026-01-05 08:33:57",
    "isLocked": 0,
    "locked_at": null,
    "login_attempts": 1,
    "created_at": null,
    "updated_at": null
}
[2026-03-10 16:03:14] App\Models\EmployeeAccount UPDATED by [System]: {
    "id": 63,
    "employee_no": "OP-21-127",
    "applicant_id": null,
    "email_id": "ligaya.mora@hris.com",
    "email": null,
    "password": "$2y$12$EFZOWAfAXjrC0pOSEPY4pe4TBlVOIEG\/QYbNstJo44N0T.G5tUHz6",
    "isLoggedIn": 0,
    "token": null,
    "isNew": "0",
    "isToUpdatePassword": 0,
    "last_password_updated": "2026-01-05 08:33:57",
    "isLocked": 0,
    "locked_at": null,
    "login_attempts": 2,
    "created_at": null,
    "updated_at": null
}
[2026-03-10 16:03:25] App\Models\EmployeeAccount UPDATED by [System]: {
    "id": 141,
    "employee_no": "OCS-046",
    "applicant_id": null,
    "email_id": "ericka.clemente@hris.com",
    "email": null,
    "password": "$2y$12$u8S6gzfnrLb4\/d2NOuYTf.683XeTHNOsUwfDVgtRNbQ8tJcsof8EW",
    "isLoggedIn": 0,
    "token": null,
    "isNew": "0",
    "isToUpdatePassword": 0,
    "last_password_updated": "2025-08-06 13:26:33",
    "isLocked": false,
    "locked_at": null,
    "login_attempts": 0,
    "created_at": null,
    "updated_at": null
}
[2026-03-10 16:03:37] App\Models\EmployeeAccount UPDATED by [System]: {
    "id": 63,
    "employee_no": "OP-21-127",
    "applicant_id": null,
    "email_id": "ligaya.mora@hris.com",
    "email": null,
    "password": "$2y$12$EFZOWAfAXjrC0pOSEPY4pe4TBlVOIEG\/QYbNstJo44N0T.G5tUHz6",
    "isLoggedIn": 0,
    "token": null,
    "isNew": "0",
    "isToUpdatePassword": 0,
    "last_password_updated": "2026-01-05 08:33:57",
    "isLocked": 0,
    "locked_at": null,
    "login_attempts": 3,
    "created_at": null,
    "updated_at": null
}
[2026-03-10 16:04:33] App\Models\EmployeeAccount UPDATED by [System]: {
    "id": 39,
    "employee_no": "OP-21-084",
    "applicant_id": null,
    "email_id": "ronald.ignacio@hris.com",
    "email": null,
    "password": "$2y$12$QkNxPmg0bA8p01u9.jMDI.9bnSuFkzFYAaphw\/MTWW2mA2\/fbJj3q",
    "isLoggedIn": 0,
    "token": null,
    "isNew": "0",
    "isToUpdatePassword": 0,
    "last_password_updated": "2026-03-10 15:57:03",
    "isLocked": false,
    "locked_at": null,
    "login_attempts": 0,
    "created_at": null,
    "updated_at": null
}
[2026-03-10 16:06:07] App\Models\EmployeeAccount UPDATED by [System]: {
    "id": 63,
    "employee_no": "OP-21-127",
    "applicant_id": null,
    "email_id": "ligaya.mora@hris.com",
    "email": null,
    "password": "$2y$12$EFZOWAfAXjrC0pOSEPY4pe4TBlVOIEG\/QYbNstJo44N0T.G5tUHz6",
    "isLoggedIn": 0,
    "token": null,
    "isNew": "0",
    "isToUpdatePassword": 0,
    "last_password_updated": "2026-01-05 08:33:57",
    "isLocked": 0,
    "locked_at": null,
    "login_attempts": 4,
    "created_at": null,
    "updated_at": null
}
[2026-03-10 16:06:46] App\Models\EmployeeAccount UPDATED by [System]: {
    "id": 63,
    "employee_no": "OP-21-127",
    "applicant_id": null,
    "email_id": "ligaya.mora@hris.com",
    "email": null,
    "password": "$2y$12$EFZOWAfAXjrC0pOSEPY4pe4TBlVOIEG\/QYbNstJo44N0T.G5tUHz6",
    "isLoggedIn": 0,
    "token": null,
    "isNew": "0",
    "isToUpdatePassword": 0,
    "last_password_updated": "2026-01-05 08:33:57",
    "isLocked": 0,
    "locked_at": null,
    "login_attempts": 5,
    "created_at": null,
    "updated_at": null
}
[2026-03-10 16:06:46] App\Models\EmployeeAccount UPDATED by [System]: {
    "id": 63,
    "employee_no": "OP-21-127",
    "applicant_id": null,
    "email_id": "ligaya.mora@hris.com",
    "email": null,
    "password": "$2y$12$EFZOWAfAXjrC0pOSEPY4pe4TBlVOIEG\/QYbNstJo44N0T.G5tUHz6",
    "isLoggedIn": 0,
    "token": null,
    "isNew": "0",
    "isToUpdatePassword": 0,
    "last_password_updated": "2026-01-05 08:33:57",
    "isLocked": true,
    "locked_at": "2026-03-10T08:06:46.859322Z",
    "login_attempts": 5,
    "created_at": null,
    "updated_at": null
}
[2026-03-10 16:07:38] App\Models\EmployeeAccount UPDATED by [9 - bea milan]: {
    "id": 63,
    "employee_no": "OP-21-127",
    "applicant_id": null,
    "email_id": "ligaya.mora@hris.com",
    "email": null,
    "password": "$2y$12$EFZOWAfAXjrC0pOSEPY4pe4TBlVOIEG\/QYbNstJo44N0T.G5tUHz6",
    "isLoggedIn": 0,
    "token": null,
    "isNew": "0",
    "isToUpdatePassword": 0,
    "last_password_updated": "2026-01-05 08:33:57",
    "isLocked": false,
    "locked_at": "2026-03-10 16:06:46",
    "login_attempts": 0,
    "created_at": null,
    "updated_at": null
}
[2026-03-10 16:10:06] App\Models\EmployeeAccount UPDATED by [10 - Maria Cristina Mauricio]: {
    "id": 935,
    "employee_no": "OCS-773",
    "applicant_id": null,
    "email_id": "daisy.jane.love.tumaneng.1@hris.com",
    "email": null,
    "password": "$2y$12$ynCdoai8H0D4DQ.XQqrnN.Ba7iM1eAHfMSNiL0pwNr0.pzHSmsMoa",
    "isLoggedIn": 0,
    "token": null,
    "isNew": "0",
    "isToUpdatePassword": 0,
    "last_password_updated": "2026-01-05 08:43:37",
    "isLocked": false,
    "locked_at": "2026-03-10 15:55:03",
    "login_attempts": 0,
    "created_at": null,
    "updated_at": null
}
[2026-03-10 16:10:47] App\Models\EmployeeAccount UPDATED by [System]: {
    "id": 803,
    "employee_no": "OCS-649",
    "applicant_id": null,
    "email_id": "michelle.reyes@hris.com",
    "email": null,
    "password": "$2y$12$Ezkpb0qVFxJCZehoHNGImutJAjhtePGZpfjEGTrTxmbACoNtlj9xq",
    "isLoggedIn": 0,
    "token": null,
    "isNew": "0",
    "isToUpdatePassword": 0,
    "last_password_updated": "2025-08-08 14:41:04",
    "isLocked": 0,
    "locked_at": null,
    "login_attempts": 3,
    "created_at": null,
    "updated_at": null
}
[2026-03-10 16:10:48] App\Models\EmployeeAccount UPDATED by [System]: {
    "id": 803,
    "employee_no": "OCS-649",
    "applicant_id": null,
    "email_id": "michelle.reyes@hris.com",
    "email": null,
    "password": "$2y$12$Ezkpb0qVFxJCZehoHNGImutJAjhtePGZpfjEGTrTxmbACoNtlj9xq",
    "isLoggedIn": 0,
    "token": null,
    "isNew": "0",
    "isToUpdatePassword": 0,
    "last_password_updated": "2025-08-08 14:41:04",
    "isLocked": 0,
    "locked_at": null,
    "login_attempts": 4,
    "created_at": null,
    "updated_at": null
}
[2026-03-10 16:11:05] App\Models\EmployeeAccount UPDATED by [System]: {
    "id": 935,
    "employee_no": "OCS-773",
    "applicant_id": null,
    "email_id": "daisy.jane.love.tumaneng.1@hris.com",
    "email": null,
    "password": "$2y$12$ynCdoai8H0D4DQ.XQqrnN.Ba7iM1eAHfMSNiL0pwNr0.pzHSmsMoa",
    "isLoggedIn": 0,
    "token": null,
    "isNew": "0",
    "isToUpdatePassword": 0,
    "last_password_updated": "2026-01-05 08:43:37",
    "isLocked": 0,
    "locked_at": "2026-03-10 15:55:03",
    "login_attempts": 1,
    "created_at": null,
    "updated_at": null
}
[2026-03-10 16:11:39] App\Models\EmployeeAccount UPDATED by [System]: {
    "id": 803,
    "employee_no": "OCS-649",
    "applicant_id": null,
    "email_id": "michelle.reyes@hris.com",
    "email": null,
    "password": "$2y$12$Ezkpb0qVFxJCZehoHNGImutJAjhtePGZpfjEGTrTxmbACoNtlj9xq",
    "isLoggedIn": 0,
    "token": null,
    "isNew": "0",
    "isToUpdatePassword": 0,
    "last_password_updated": "2025-08-08 14:41:04",
    "isLocked": 0,
    "locked_at": null,
    "login_attempts": 5,
    "created_at": null,
    "updated_at": null
}
[2026-03-10 16:11:39] App\Models\EmployeeAccount UPDATED by [System]: {
    "id": 803,
    "employee_no": "OCS-649",
    "applicant_id": null,
    "email_id": "michelle.reyes@hris.com",
    "email": null,
    "password": "$2y$12$Ezkpb0qVFxJCZehoHNGImutJAjhtePGZpfjEGTrTxmbACoNtlj9xq",
    "isLoggedIn": 0,
    "token": null,
    "isNew": "0",
    "isToUpdatePassword": 0,
    "last_password_updated": "2025-08-08 14:41:04",
    "isLocked": true,
    "locked_at": "2026-03-10T08:11:39.602858Z",
    "login_attempts": 5,
    "created_at": null,
    "updated_at": null
}
[2026-03-10 16:11:41] App\Models\EmployeeAccount UPDATED by [System]: {
    "id": 865,
    "employee_no": "OCS-772",
    "applicant_id": null,
    "email_id": "charmaine.medina.1@hris.com",
    "email": "ctmedina0408@gmail.com",
    "password": "$2y$12$7gi7qPnobd8AMdGPdMFOv.cUIkz1TAudpRiVjkAgca270vC1T.ojq",
    "isLoggedIn": 0,
    "token": null,
    "isNew": "0",
    "isToUpdatePassword": 0,
    "last_password_updated": "2026-01-02 21:09:35",
    "isLocked": false,
    "locked_at": null,
    "login_attempts": 0,
    "created_at": null,
    "updated_at": null
}
[2026-03-10 16:13:33] App\Models\EmployeeInformation UPDATED by [10 - Maria Cristina Mauricio]: {
    "id": 141,
    "employee_no": "OCS-046",
    "bsd_no": "239",
    "section_id": 4,
    "position_id": "26",
    "job_completion": null,
    "company_name": null,
    "date_hired": null,
    "shift_id": 1,
    "schedule_id": 1,
    "employment_type_id": "1",
    "status": "active",
    "salary_method": "land bank atm",
    "salary": "42178",
    "step_id": 1,
    "w_tax": 0,
    "salary_type": "monthly",
    "payroll_account_number": null,
    "bank_account_no": null,
    "hasDBP": 0,
    "hasUK": 0,
    "hasPagibigLoan": 0,
    "isDeleted": 0,
    "isTransferingEmp": 0,
    "date_resignation": null,
    "created_at": "2025-08-05 15:38:07",
    "updated_at": "2026-03-10 16:13:33"
}
[2026-03-10 16:15:55] App\Models\EmployeeInformation UPDATED by [10 - Maria Cristina Mauricio]: {
    "id": 182,
    "employee_no": "OCS-109",
    "bsd_no": "279",
    "section_id": 27,
    "position_id": 5,
    "job_completion": null,
    "company_name": null,
    "date_hired": null,
    "shift_id": 1,
    "schedule_id": 1,
    "employment_type_id": 1,
    "status": "active",
    "salary_method": "land bank atm",
    "salary": "167129",
    "step_id": 1,
    "w_tax": 0,
    "salary_type": "monthly",
    "payroll_account_number": null,
    "bank_account_no": null,
    "hasDBP": 0,
    "hasUK": 0,
    "hasPagibigLoan": 0,
    "isDeleted": 0,
    "isTransferingEmp": 0,
    "date_resignation": null,
    "created_at": "2025-08-05 15:38:12",
    "updated_at": "2026-03-10 16:15:55"
}
[2026-03-10 16:16:27] App\Models\SalaryPayroll DELETED by [10 - Maria Cristina Mauricio]: {
    "id": 224,
    "batch_id": "a143b7d8-6ed9-48b3-9a82-cd37df4822b3",
    "payroll_date": "2026-03-15",
    "cut_off_period": "2026-03-01 to 2026-03-15",
    "employment_type": 1,
    "hasDeductions": 1,
    "status": "pending",
    "created_at": "2026-03-10 10:28:39",
    "updated_at": "2026-03-10 13:56:33"
}
[2026-03-10 16:17:49] App\Models\EmployeeUpdatePersonal CREATED by [System]: {
    "employee_no": "OCS-046",
    "profile": "employees\/tempo\/OCS-046\/profile.JPG",
    "firstname": "ERICKA",
    "middlename": "R.",
    "lastname": "CLEMENTE",
    "suffix": null,
    "birthday": "1992-04-12",
    "civil_status": "",
    "sex": "",
    "citizenship": null,
    "citizenship_type": null,
    "country": null,
    "present_address": "9 ILINO CRUZ ST., BRGY. VERGARA, MANDALUYONG CITY",
    "present_province": null,
    "present_city": null,
    "permanent_address": null,
    "permanent_province": null,
    "permanent_city": null,
    "mobile_number": null,
    "tel_no": null,
    "email": "ericka.clemente@peace.gov.ph",
    "height": null,
    "weight": null,
    "blood_type": null,
    "bp_no": null,
    "gsis_no": null,
    "pagibig_no": null,
    "philhealth_no": "02-026344343-9",
    "sss_no": null,
    "tin_no": "250-621-359-000",
    "updated_at": "2026-03-10 16:17:49",
    "created_at": "2026-03-10 16:17:49",
    "id": 85
}
[2026-03-10 16:24:43] App\Models\EmployeeInformation UPDATED by [10 - Maria Cristina Mauricio]: {
    "id": 464,
    "employee_no": "OP-21-028",
    "bsd_no": "565",
    "section_id": 27,
    "position_id": 24,
    "job_completion": null,
    "company_name": null,
    "date_hired": null,
    "shift_id": 1,
    "schedule_id": 1,
    "employment_type_id": 1,
    "status": "active",
    "salary_method": "land bank atm",
    "salary": "42178",
    "step_id": 1,
    "w_tax": 0,
    "salary_type": "monthly",
    "payroll_account_number": null,
    "bank_account_no": null,
    "hasDBP": 0,
    "hasUK": 0,
    "hasPagibigLoan": 0,
    "isDeleted": 0,
    "isTransferingEmp": 0,
    "date_resignation": null,
    "created_at": "2025-08-05 15:38:50",
    "updated_at": "2026-03-10 16:24:43"
}
[2026-03-10 16:26:49] App\Models\EmployeeInformation UPDATED by [10 - Maria Cristina Mauricio]: {
    "id": 806,
    "employee_no": "OCS-652",
    "bsd_no": "923",
    "section_id": "27",
    "position_id": "27",
    "job_completion": null,
    "company_name": null,
    "date_hired": null,
    "shift_id": 1,
    "schedule_id": 1,
    "employment_type_id": 1,
    "status": "active",
    "salary_method": "land bank atm",
    "salary": "38764",
    "step_id": 1,
    "w_tax": "2200.00",
    "salary_type": "monthly",
    "payroll_account_number": null,
    "bank_account_no": null,
    "hasDBP": 0,
    "hasUK": 0,
    "hasPagibigLoan": 0,
    "isDeleted": 0,
    "isTransferingEmp": 0,
    "date_resignation": null,
    "created_at": "2025-08-05 15:39:37",
    "updated_at": "2026-03-10 16:26:49"
}
[2026-03-10 16:28:29] App\Models\EmployeeInformation UPDATED by [10 - Maria Cristina Mauricio]: {
    "id": 843,
    "employee_no": "OCS-686",
    "bsd_no": "961",
    "section_id": 27,
    "position_id": "28",
    "job_completion": null,
    "company_name": null,
    "date_hired": null,
    "shift_id": 1,
    "schedule_id": 1,
    "employment_type_id": 1,
    "status": "active",
    "salary_method": "land bank atm",
    "salary": "33947",
    "step_id": 1,
    "w_tax": "2200.00",
    "salary_type": "monthly",
    "payroll_account_number": null,
    "bank_account_no": null,
    "hasDBP": 0,
    "hasUK": 0,
    "hasPagibigLoan": 0,
    "isDeleted": 0,
    "isTransferingEmp": 0,
    "date_resignation": null,
    "created_at": "2025-08-05 15:39:42",
    "updated_at": "2026-03-10 16:28:29"
}
[2026-03-10 16:33:25] App\Models\EmployeeInformation UPDATED by [10 - Maria Cristina Mauricio]: {
    "id": 966,
    "employee_no": "OCS - 820",
    "bsd_no": "2012",
    "section_id": "36",
    "position_id": 80,
    "job_completion": null,
    "company_name": null,
    "date_hired": null,
    "shift_id": 1,
    "schedule_id": 1,
    "employment_type_id": 4,
    "status": "active",
    "salary_method": "land bank atm",
    "salary": "32053",
    "step_id": 1,
    "w_tax": 0,
    "salary_type": "monthly",
    "payroll_account_number": null,
    "bank_account_no": null,
    "hasDBP": 0,
    "hasUK": 0,
    "hasPagibigLoan": 0,
    "isDeleted": 0,
    "isTransferingEmp": 0,
    "date_resignation": null,
    "created_at": "2026-02-27 14:07:41",
    "updated_at": "2026-03-10 16:33:25"
}
[2026-03-10 16:36:08] App\Models\EmployeeInformation UPDATED by [10 - Maria Cristina Mauricio]: {
    "id": 893,
    "employee_no": "OP-21-195",
    "bsd_no": "265",
    "section_id": "27",
    "position_id": "13",
    "job_completion": null,
    "company_name": null,
    "date_hired": null,
    "shift_id": 1,
    "schedule_id": 1,
    "employment_type_id": "1",
    "status": "active",
    "salary_method": "land bank atm",
    "salary": "81796",
    "step_id": 1,
    "w_tax": "11738.07",
    "salary_type": "monthly",
    "payroll_account_number": null,
    "bank_account_no": null,
    "hasDBP": 0,
    "hasUK": 0,
    "hasPagibigLoan": 0,
    "isDeleted": 0,
    "isTransferingEmp": 0,
    "date_resignation": null,
    "created_at": "2026-01-04 21:40:16",
    "updated_at": "2026-03-10 16:36:08"
}
[2026-03-10 16:38:18] App\Models\EmployeeInformation CREATED by [10 - Maria Cristina Mauricio]: {
    "employee_no": "OP-21-235",
    "section_id": "3",
    "shift_id": "1",
    "schedule_id": "1",
    "position_id": "10",
    "date_hired": "2026-03-10",
    "bsd_no": "2013",
    "date_resignation": null,
    "employment_type_id": "1",
    "status": "active",
    "salary_method": "land bank atm",
    "salary_type": "monthly",
    "salary": "102603",
    "payroll_account_number": "",
    "updated_at": "2026-03-10 16:38:18",
    "created_at": "2026-03-10 16:38:18",
    "id": 970
}
[2026-03-10 16:48:09] App\Models\EmployeeAccount UPDATED by [System]: {
    "id": 57,
    "employee_no": "OCS-085",
    "applicant_id": null,
    "email_id": "martin.manlalangit@hris.com",
    "email": null,
    "password": "$2y$12$9.f.sQHIkeF7V7aFMBAPOeCjMBXxdu1mwrEMY7DT9UX5dXAe1SE3u",
    "isLoggedIn": 0,
    "token": null,
    "isNew": "0",
    "isToUpdatePassword": 0,
    "last_password_updated": "2026-01-02 15:52:02",
    "isLocked": false,
    "locked_at": null,
    "login_attempts": 0,
    "created_at": null,
    "updated_at": null
}
[2026-03-10 16:49:08] App\Models\EmployeeAccount UPDATED by [System]: {
    "id": 803,
    "employee_no": "OCS-649",
    "applicant_id": null,
    "email_id": "michelle.reyes@hris.com",
    "email": null,
    "password": "$2y$12$Ezkpb0qVFxJCZehoHNGImutJAjhtePGZpfjEGTrTxmbACoNtlj9xq",
    "isLoggedIn": 0,
    "token": null,
    "isNew": "0",
    "isToUpdatePassword": 0,
    "last_password_updated": "2025-08-08 14:41:04",
    "isLocked": false,
    "locked_at": null,
    "login_attempts": 0,
    "created_at": null,
    "updated_at": null
}
[2026-03-10 16:49:08] App\Models\EmployeeAccount UPDATED by [System]: {
    "id": 803,
    "employee_no": "OCS-649",
    "applicant_id": null,
    "email_id": "michelle.reyes@hris.com",
    "email": null,
    "password": "$2y$12$Ezkpb0qVFxJCZehoHNGImutJAjhtePGZpfjEGTrTxmbACoNtlj9xq",
    "isLoggedIn": 0,
    "token": null,
    "isNew": "0",
    "isToUpdatePassword": 0,
    "last_password_updated": "2025-08-08 14:41:04",
    "isLocked": false,
    "locked_at": null,
    "login_attempts": 1,
    "created_at": null,
    "updated_at": null
}
[2026-03-10 16:49:14] App\Models\EmployeeAccount UPDATED by [System]: {
    "id": 803,
    "employee_no": "OCS-649",
    "applicant_id": null,
    "email_id": "michelle.reyes@hris.com",
    "email": null,
    "password": "$2y$12$Ezkpb0qVFxJCZehoHNGImutJAjhtePGZpfjEGTrTxmbACoNtlj9xq",
    "isLoggedIn": 0,
    "token": null,
    "isNew": "0",
    "isToUpdatePassword": 0,
    "last_password_updated": "2025-08-08 14:41:04",
    "isLocked": 0,
    "locked_at": null,
    "login_attempts": 2,
    "created_at": null,
    "updated_at": null
}
[2026-03-10 16:49:37] App\Models\EmployeeAccount UPDATED by [System]: {
    "id": 803,
    "employee_no": "OCS-649",
    "applicant_id": null,
    "email_id": "michelle.reyes@hris.com",
    "email": null,
    "password": "$2y$12$Ezkpb0qVFxJCZehoHNGImutJAjhtePGZpfjEGTrTxmbACoNtlj9xq",
    "isLoggedIn": 0,
    "token": null,
    "isNew": "0",
    "isToUpdatePassword": 0,
    "last_password_updated": "2025-08-08 14:41:04",
    "isLocked": 0,
    "locked_at": null,
    "login_attempts": 3,
    "created_at": null,
    "updated_at": null
}
[2026-03-10 16:49:54] App\Models\EmployeeAccount UPDATED by [System]: {
    "id": 57,
    "employee_no": "OCS-085",
    "applicant_id": null,
    "email_id": "martin.manlalangit@hris.com",
    "email": null,
    "password": "$2y$12$9.f.sQHIkeF7V7aFMBAPOeCjMBXxdu1mwrEMY7DT9UX5dXAe1SE3u",
    "isLoggedIn": 0,
    "token": null,
    "isNew": "0",
    "isToUpdatePassword": 0,
    "last_password_updated": "2026-01-02 15:52:02",
    "isLocked": false,
    "locked_at": null,
    "login_attempts": 0,
    "created_at": null,
    "updated_at": null
}
[2026-03-10 16:50:02] App\Models\EmployeeAccount UPDATED by [System]: {
    "id": 803,
    "employee_no": "OCS-649",
    "applicant_id": null,
    "email_id": "michelle.reyes@hris.com",
    "email": null,
    "password": "$2y$12$Ezkpb0qVFxJCZehoHNGImutJAjhtePGZpfjEGTrTxmbACoNtlj9xq",
    "isLoggedIn": 0,
    "token": null,
    "isNew": "0",
    "isToUpdatePassword": 0,
    "last_password_updated": "2025-08-08 14:41:04",
    "isLocked": 0,
    "locked_at": null,
    "login_attempts": 4,
    "created_at": null,
    "updated_at": null
}
[2026-03-10 17:14:15] App\Models\EmployeeAccount UPDATED by [System]: {
    "id": 692,
    "employee_no": "OCS-552",
    "applicant_id": null,
    "email_id": "joyce.umoso@hris.com",
    "email": null,
    "password": "$2y$12$Cefo4CjgSTQolDT4p7hqquofO5yUmje8rOh4.RLkMVRN07apdJU7O",
    "isLoggedIn": 0,
    "token": null,
    "isNew": "0",
    "isToUpdatePassword": 0,
    "last_password_updated": "2026-01-02 16:58:33",
    "isLocked": false,
    "locked_at": null,
    "login_attempts": 0,
    "created_at": null,
    "updated_at": null
}
[2026-03-10 17:42:47] App\Models\EmployeeAccount UPDATED by [System]: {
    "id": 63,
    "employee_no": "OP-21-127",
    "applicant_id": null,
    "email_id": "ligaya.mora@hris.com",
    "email": null,
    "password": "$2y$12$EFZOWAfAXjrC0pOSEPY4pe4TBlVOIEG\/QYbNstJo44N0T.G5tUHz6",
    "isLoggedIn": 0,
    "token": null,
    "isNew": "0",
    "isToUpdatePassword": 0,
    "last_password_updated": "2026-01-05 08:33:57",
    "isLocked": 0,
    "locked_at": "2026-03-10 16:06:46",
    "login_attempts": 1,
    "created_at": null,
    "updated_at": null
}
[2026-03-10 18:28:41] App\Models\EmployeeAccount UPDATED by [System]: {
    "id": 598,
    "employee_no": "OCS-439",
    "applicant_id": null,
    "email_id": "dominique.monido@hris.com",
    "email": null,
    "password": "$2y$12$fSyNFaj8bjLxMeshg3PSHOY.NMBLjl94nib5xj3QHFdaFa6Ku5EYG",
    "isLoggedIn": 0,
    "token": null,
    "isNew": "1",
    "isToUpdatePassword": 0,
    "last_password_updated": null,
    "isLocked": 0,
    "locked_at": null,
    "login_attempts": 1,
    "created_at": null,
    "updated_at": null
}
[2026-03-10 18:28:54] App\Models\EmployeeAccount UPDATED by [System]: {
    "id": 598,
    "employee_no": "OCS-439",
    "applicant_id": null,
    "email_id": "dominique.monido@hris.com",
    "email": null,
    "password": "$2y$12$fSyNFaj8bjLxMeshg3PSHOY.NMBLjl94nib5xj3QHFdaFa6Ku5EYG",
    "isLoggedIn": 0,
    "token": null,
    "isNew": "1",
    "isToUpdatePassword": 0,
    "last_password_updated": null,
    "isLocked": false,
    "locked_at": null,
    "login_attempts": 0,
    "created_at": null,
    "updated_at": null
}
[2026-03-10 18:50:12] App\Models\SalaryPayroll UPDATED by [1 - Opapru Superadmin]: {
    "id": 225,
    "batch_id": "a14420dd-d18b-463c-b388-f823875161f3",
    "payroll_date": "2026-03-15",
    "cut_off_period": "2026-03-01 to 2026-03-15",
    "employment_type": 2,
    "hasDeductions": 1,
    "status": "pending",
    "created_at": "2026-03-10 13:41:21",
    "updated_at": "2026-03-10 18:50:12"
}
[2026-03-10 18:50:12] App\Models\SalaryPayroll UPDATED by [1 - Opapru Superadmin]: {
    "id": 225,
    "batch_id": "a14420de-5e23-4373-b2c5-e6b80e01bda6",
    "payroll_date": "2026-03-15",
    "cut_off_period": "2026-03-01 to 2026-03-15",
    "employment_type": 2,
    "hasDeductions": 1,
    "status": "pending",
    "created_at": "2026-03-10 13:41:21",
    "updated_at": "2026-03-10 18:50:12"
}
[2026-03-10 18:53:53] App\Models\SalaryPayroll CREATED by [1 - Opapru Superadmin]: {
    "payroll_date": "2026-03-15",
    "cut_off_period": "2026-03-01 to 2026-03-15",
    "employment_type": 1,
    "hasDeductions": true,
    "status": "pending",
    "updated_at": "2026-03-10 18:53:53",
    "created_at": "2026-03-10 18:53:53",
    "id": 226
}
[2026-03-10 18:54:10] App\Models\SalaryPayroll UPDATED by [1 - Opapru Superadmin]: {
    "id": 226,
    "batch_id": "a1442249-4d25-4af8-8ebf-f4fb65e01492",
    "payroll_date": "2026-03-15",
    "cut_off_period": "2026-03-01 to 2026-03-15",
    "employment_type": 1,
    "hasDeductions": 1,
    "status": "pending",
    "created_at": "2026-03-10 18:53:53",
    "updated_at": "2026-03-10 18:54:10"
}
[2026-03-10 18:56:28] App\Models\SalaryPayroll DELETED by [1 - Opapru Superadmin]: {
    "id": 225,
    "batch_id": "a14420de-5e23-4373-b2c5-e6b80e01bda6",
    "payroll_date": "2026-03-15",
    "cut_off_period": "2026-03-01 to 2026-03-15",
    "employment_type": 2,
    "hasDeductions": 1,
    "status": "pending",
    "created_at": "2026-03-10 13:41:21",
    "updated_at": "2026-03-10 18:50:12"
}
[2026-03-10 18:57:47] App\Models\SalaryPayroll CREATED by [1 - Opapru Superadmin]: {
    "payroll_date": "2026-03-15",
    "cut_off_period": "2026-03-01 to 2026-03-15",
    "employment_type": 2,
    "hasDeductions": true,
    "status": "pending",
    "updated_at": "2026-03-10 18:57:47",
    "created_at": "2026-03-10 18:57:47",
    "id": 227
}
[2026-03-10 18:58:32] App\Models\SalaryPayroll UPDATED by [1 - Opapru Superadmin]: {
    "id": 227,
    "batch_id": "a14423d7-afe4-4584-9835-09f8982cca73",
    "payroll_date": "2026-03-15",
    "cut_off_period": "2026-03-01 to 2026-03-15",
    "employment_type": 2,
    "hasDeductions": 1,
    "status": "pending",
    "created_at": "2026-03-10 18:57:47",
    "updated_at": "2026-03-10 18:58:32"
}
[2026-03-10 19:07:42] App\Models\SalaryPayroll UPDATED by [1 - Opapru Superadmin]: {
    "id": 227,
    "batch_id": "a144271f-715e-4cd1-b765-7c3e9c91c33c",
    "payroll_date": "2026-03-15",
    "cut_off_period": "2026-03-01 to 2026-03-15",
    "employment_type": 2,
    "hasDeductions": 1,
    "status": "pending",
    "created_at": "2026-03-10 18:57:47",
    "updated_at": "2026-03-10 19:07:42"
}
[2026-03-10 19:08:04] App\Models\SalaryPayroll UPDATED by [1 - Opapru Superadmin]: {
    "id": 227,
    "batch_id": "a1442741-8436-4e7c-8c70-7e35f8ca9760",
    "payroll_date": "2026-03-15",
    "cut_off_period": "2026-03-01 to 2026-03-15",
    "employment_type": 2,
    "hasDeductions": 1,
    "status": "pending",
    "created_at": "2026-03-10 18:57:47",
    "updated_at": "2026-03-10 19:08:04"
}
[2026-03-10 19:08:15] App\Models\SalaryPayroll UPDATED by [1 - Opapru Superadmin]: {
    "id": 227,
    "batch_id": "a1442751-9879-47ba-9df5-b1f5c5523e99",
    "payroll_date": "2026-03-15",
    "cut_off_period": "2026-03-01 to 2026-03-15",
    "employment_type": 2,
    "hasDeductions": 1,
    "status": "pending",
    "created_at": "2026-03-10 18:57:47",
    "updated_at": "2026-03-10 19:08:15"
}
[2026-03-10 19:09:02] App\Models\SalaryPayroll UPDATED by [1 - Opapru Superadmin]: {
    "id": 227,
    "batch_id": "a1442799-925f-4573-87a2-ce915388fd3c",
    "payroll_date": "2026-03-15",
    "cut_off_period": "2026-03-01 to 2026-03-15",
    "employment_type": 2,
    "hasDeductions": 1,
    "status": "pending",
    "created_at": "2026-03-10 18:57:47",
    "updated_at": "2026-03-10 19:09:02"
}
[2026-03-10 19:09:31] App\Models\SalaryPayroll UPDATED by [1 - Opapru Superadmin]: {
    "id": 227,
    "batch_id": "a14427c6-6e28-434d-a8df-e8081812f89c",
    "payroll_date": "2026-03-15",
    "cut_off_period": "2026-03-01 to 2026-03-15",
    "employment_type": 2,
    "hasDeductions": 1,
    "status": "pending",
    "created_at": "2026-03-10 18:57:47",
    "updated_at": "2026-03-10 19:09:31"
}
[2026-03-10 19:25:49] App\Models\EmployeeAccount UPDATED by [System]: {
    "id": 925,
    "employee_no": "OCS-795",
    "applicant_id": null,
    "email_id": "rosalie.reyes-brioso.1@hris.com",
    "email": null,
    "password": "$2y$12$N.WQq2YOkhlOAXkbjG9Gbu6r7zyT9nMmSxJlktfHguMVKv4E8INv.",
    "isLoggedIn": 0,
    "token": null,
    "isNew": "0",
    "isToUpdatePassword": 0,
    "last_password_updated": "2026-03-10 15:48:52",
    "isLocked": 0,
    "locked_at": null,
    "login_attempts": 1,
    "created_at": null,
    "updated_at": null
}
[2026-03-10 20:12:35] App\Models\EmployeeInformation UPDATED by [1 - Opapru Superadmin]: {
    "id": 1,
    "employee_no": "EMP-TEST-01",
    "bsd_no": "10111111111111",
    "section_id": 1,
    "position_id": 1,
    "job_completion": "2026-04-11",
    "company_name": null,
    "date_hired": "2025-01-05",
    "shift_id": 1,
    "schedule_id": 1,
    "employment_type_id": "1",
    "status": "active",
    "salary_method": "land bank atm",
    "salary": "300961",
    "step_id": 1,
    "w_tax": "78050.41",
    "salary_type": "monthly",
    "payroll_account_number": null,
    "bank_account_no": null,
    "hasDBP": 0,
    "hasUK": 0,
    "hasPagibigLoan": 0,
    "isDeleted": 0,
    "isTransferingEmp": 0,
    "date_resignation": null,
    "created_at": "2025-08-05 15:36:40",
    "updated_at": "2026-03-10 20:12:35"
}
[2026-03-10 20:15:55] App\Models\SalaryPayroll DELETED by [1 - Opapru Superadmin]: {
    "id": 227,
    "batch_id": "a14427c6-6e28-434d-a8df-e8081812f89c",
    "payroll_date": "2026-03-15",
    "cut_off_period": "2026-03-01 to 2026-03-15",
    "employment_type": 2,
    "hasDeductions": 1,
    "status": "pending",
    "created_at": "2026-03-10 18:57:47",
    "updated_at": "2026-03-10 19:09:31"
}
[2026-03-10 20:16:03] App\Models\SalaryPayroll UPDATED by [1 - Opapru Superadmin]: {
    "id": 226,
    "batch_id": "a1443f90-da80-41a3-b407-1ebee24871f3",
    "payroll_date": "2026-03-15",
    "cut_off_period": "2026-03-01 to 2026-03-15",
    "employment_type": 1,
    "hasDeductions": 1,
    "status": "pending",
    "created_at": "2026-03-10 18:53:53",
    "updated_at": "2026-03-10 20:16:03"
}
[2026-03-10 20:17:16] App\Models\SalaryPayroll UPDATED by [1 - Opapru Superadmin]: {
    "id": 226,
    "batch_id": "a1444000-7ba5-44e3-bed9-64771b62332c",
    "payroll_date": "2026-03-15",
    "cut_off_period": "2026-03-01 to 2026-03-15",
    "employment_type": 1,
    "hasDeductions": 1,
    "status": "pending",
    "created_at": "2026-03-10 18:53:53",
    "updated_at": "2026-03-10 20:17:16"
}
[2026-03-10 20:38:56] App\Models\SalaryPayroll CREATED by [1 - Opapru Superadmin]: {
    "payroll_date": "2026-03-15",
    "cut_off_period": "2026-03-01 to 2026-03-15",
    "employment_type": 2,
    "hasDeductions": true,
    "status": "pending",
    "updated_at": "2026-03-10 20:38:56",
    "created_at": "2026-03-10 20:38:56",
    "id": 228
}
[2026-03-10 20:41:26] App\Models\SalaryPayroll UPDATED by [1 - Opapru Superadmin]: {
    "id": 228,
    "batch_id": "a14448a5-c79f-49e2-888a-13f2cfbcee8d",
    "payroll_date": "2026-03-15",
    "cut_off_period": "2026-03-01 to 2026-03-15",
    "employment_type": 2,
    "hasDeductions": 1,
    "status": "pending",
    "created_at": "2026-03-10 20:38:56",
    "updated_at": "2026-03-10 20:41:26"
}
[2026-03-10 20:52:14] App\Models\SalaryPayroll DELETED by [1 - Opapru Superadmin]: {
    "id": 228,
    "batch_id": "a14448a5-c79f-49e2-888a-13f2cfbcee8d",
    "payroll_date": "2026-03-15",
    "cut_off_period": "2026-03-01 to 2026-03-15",
    "employment_type": 2,
    "hasDeductions": 1,
    "status": "pending",
    "created_at": "2026-03-10 20:38:56",
    "updated_at": "2026-03-10 20:41:26"
}
[2026-03-10 21:49:04] App\Models\SalaryPayroll UPDATED by [1 - Opapru Superadmin]: {
    "id": 226,
    "batch_id": "a14460d4-bc10-4237-98d8-51563ba44567",
    "payroll_date": "2026-03-15",
    "cut_off_period": "2026-03-01 to 2026-03-15",
    "employment_type": 1,
    "hasDeductions": 1,
    "status": "pending",
    "created_at": "2026-03-10 18:53:53",
    "updated_at": "2026-03-10 21:49:04"
}
[2026-03-10 21:49:04] App\Models\SalaryPayroll UPDATED by [1 - Opapru Superadmin]: {
    "id": 226,
    "batch_id": "a14460d5-4e65-4aa8-b002-81c46e6098c9",
    "payroll_date": "2026-03-15",
    "cut_off_period": "2026-03-01 to 2026-03-15",
    "employment_type": 1,
    "hasDeductions": 1,
    "status": "pending",
    "created_at": "2026-03-10 18:53:53",
    "updated_at": "2026-03-10 21:49:04"
}
[2026-03-10 22:32:15] App\Models\SalaryPayroll UPDATED by [1 - Opapru Superadmin]: {
    "id": 226,
    "batch_id": "a1447047-6a07-4b16-b139-dabe416a9682",
    "payroll_date": "2026-03-15",
    "cut_off_period": "2026-03-01 to 2026-03-15",
    "employment_type": 1,
    "hasDeductions": 1,
    "status": "pending",
    "created_at": "2026-03-10 18:53:53",
    "updated_at": "2026-03-10 22:32:15"
}
[2026-03-10 22:32:16] App\Models\SalaryPayroll UPDATED by [1 - Opapru Superadmin]: {
    "id": 226,
    "batch_id": "a1447048-046c-4939-9267-257e296dbfb9",
    "payroll_date": "2026-03-15",
    "cut_off_period": "2026-03-01 to 2026-03-15",
    "employment_type": 1,
    "hasDeductions": 1,
    "status": "pending",
    "created_at": "2026-03-10 18:53:53",
    "updated_at": "2026-03-10 22:32:16"
}
[2026-03-10 22:34:32] App\Models\EmployeeAccount UPDATED by [System]: {
    "id": 827,
    "employee_no": "OCS-670",
    "applicant_id": null,
    "email_id": "vilma.zaballa@hris.com",
    "email": "vilmazaballa@gmail.com",
    "password": "$2y$12$lJn1iPmOeWMBWbpFfN1NpuuuFb8AF9O1xyRqxbBNgLJJFDTwrHulW",
    "isLoggedIn": 0,
    "token": null,
    "isNew": "0",
    "isToUpdatePassword": 0,
    "last_password_updated": "2026-01-02 16:11:39",
    "isLocked": false,
    "locked_at": null,
    "login_attempts": 0,
    "created_at": null,
    "updated_at": null
}
[2026-03-10 22:34:33] App\Models\EmployeeAccount UPDATED by [System]: {
    "id": 827,
    "employee_no": "OCS-670",
    "applicant_id": null,
    "email_id": "vilma.zaballa@hris.com",
    "email": "vilmazaballa@gmail.com",
    "password": "$2y$12$lJn1iPmOeWMBWbpFfN1NpuuuFb8AF9O1xyRqxbBNgLJJFDTwrHulW",
    "isLoggedIn": 0,
    "token": null,
    "isNew": "0",
    "isToUpdatePassword": 0,
    "last_password_updated": "2026-01-02 16:11:39",
    "isLocked": false,
    "locked_at": null,
    "login_attempts": 1,
    "created_at": null,
    "updated_at": null
}
[2026-03-10 22:37:12] App\Models\EmployeeAccount UPDATED by [System]: {
    "id": 827,
    "employee_no": "OCS-670",
    "applicant_id": null,
    "email_id": "vilma.zaballa@hris.com",
    "email": "vilmazaballa@gmail.com",
    "password": "$2y$12$lJn1iPmOeWMBWbpFfN1NpuuuFb8AF9O1xyRqxbBNgLJJFDTwrHulW",
    "isLoggedIn": 0,
    "token": null,
    "isNew": "0",
    "isToUpdatePassword": 0,
    "last_password_updated": "2026-01-02 16:11:39",
    "isLocked": 0,
    "locked_at": null,
    "login_attempts": 2,
    "created_at": null,
    "updated_at": null
}
[2026-03-10 22:37:26] App\Models\EmployeeAccount UPDATED by [System]: {
    "id": 827,
    "employee_no": "OCS-670",
    "applicant_id": null,
    "email_id": "vilma.zaballa@hris.com",
    "email": "vilmazaballa@gmail.com",
    "password": "$2y$12$lJn1iPmOeWMBWbpFfN1NpuuuFb8AF9O1xyRqxbBNgLJJFDTwrHulW",
    "isLoggedIn": 0,
    "token": null,
    "isNew": "0",
    "isToUpdatePassword": 0,
    "last_password_updated": "2026-01-02 16:11:39",
    "isLocked": 0,
    "locked_at": null,
    "login_attempts": 3,
    "created_at": null,
    "updated_at": null
}
[2026-03-10 22:39:20] App\Models\EmployeeAccount UPDATED by [System]: {
    "id": 827,
    "employee_no": "OCS-670",
    "applicant_id": null,
    "email_id": "vilma.zaballa@hris.com",
    "email": "vilmazaballa@gmail.com",
    "password": "$2y$12$lJn1iPmOeWMBWbpFfN1NpuuuFb8AF9O1xyRqxbBNgLJJFDTwrHulW",
    "isLoggedIn": 0,
    "token": null,
    "isNew": "0",
    "isToUpdatePassword": 0,
    "last_password_updated": "2026-01-02 16:11:39",
    "isLocked": 0,
    "locked_at": null,
    "login_attempts": 4,
    "created_at": null,
    "updated_at": null
}
[2026-03-10 22:39:32] App\Models\EmployeeAccount UPDATED by [System]: {
    "id": 827,
    "employee_no": "OCS-670",
    "applicant_id": null,
    "email_id": "vilma.zaballa@hris.com",
    "email": "vilmazaballa@gmail.com",
    "password": "$2y$12$lJn1iPmOeWMBWbpFfN1NpuuuFb8AF9O1xyRqxbBNgLJJFDTwrHulW",
    "isLoggedIn": 0,
    "token": null,
    "isNew": "0",
    "isToUpdatePassword": 0,
    "last_password_updated": "2026-01-02 16:11:39",
    "isLocked": false,
    "locked_at": null,
    "login_attempts": 0,
    "created_at": null,
    "updated_at": null
}
[2026-03-10 23:04:45] App\Models\EmployeeAccount UPDATED by [System]: {
    "id": 1,
    "employee_no": "EMP-TEST-01",
    "applicant_id": null,
    "email_id": "employee.test01@hris.com",
    "email": "TORNOHAZELANN@GMAIL.COM",
    "password": "$2y$12$DVaPllOPkYVSLhmvsJq4UeQzzaEuFdD0JD8ru8hSCNYE4IN3kB2Ni",
    "isLoggedIn": 0,
    "token": null,
    "isNew": "0",
    "isToUpdatePassword": 0,
    "last_password_updated": "2025-08-06 13:47:24",
    "isLocked": false,
    "locked_at": null,
    "login_attempts": 0,
    "created_at": null,
    "updated_at": null
}
